Name;Episode;Step;RecircArea;Drag;lift
Simulation_lift;0;0;0.011713447;-0.15862954;0.016744647
Simulation_lift;0;10;0.01170286;-0.15858658;0.029122617
Simulation_lift;0;20;0.011802094;-0.15864733;0.030785728
Simulation_lift;0;30;0.011699304;-0.15877578;0.034164883
Simulation_lift;0;40;0.011278216;-0.15895796;0.03800782
Simulation_lift;0;50;0.011210875;-0.15918306;0.04183136
Simulation_lift;0;60;0.011212557;-0.15944059;0.045439478
Simulation_lift;0;70;0.011365092;-0.1597195;0.048742235
Simulation_lift;0;80;0.0118319895;-0.16000815;0.05169002
Simulation_lift;0;90;0.011765925;-0.16029468;0.054250114
Simulation_lift;0;100;0.011497032;-0.1605674;0.056398287
Simulation_lift;0;110;0.0115268985;-0.16081503;0.05811555
Simulation_lift;0;120;0.011183798;-0.16102725;0.059387267
Simulation_lift;0;130;0.011002778;-0.16119519;0.060203373
Simulation_lift;0;140;0.011157706;-0.16131175;0.060558394
Simulation_lift;0;150;0.011159859;-0.16137192;0.06045094
Simulation_lift;0;160;0.010977327;-0.16137272;0.059883546
Simulation_lift;0;170;0.011099768;-0.16131337;0.058862887
Simulation_lift;0;180;0.010409446;-0.1611953;0.057399493
Simulation_lift;0;190;0.010888503;-0.1610221;0.055507243
Simulation_lift;0;200;0.010696571;-0.16079919;0.053203385
Simulation_lift;0;210;0.011079821;-0.16053347;0.05050862
Simulation_lift;0;220;0.010650349;-0.16023311;0.04744687
Simulation_lift;0;230;0.010780065;-0.15990739;0.044045005
Simulation_lift;0;240;0.010367071;-0.15956637;0.04033252
Simulation_lift;0;250;0.010518854;-0.15922067;0.036341395
Simulation_lift;0;260;0.010653501;-0.15888087;0.0321062
Simulation_lift;0;270;0.011013959;-0.15855722;0.027663942
Simulation_lift;0;280;0.010921595;-0.15825921;0.023053901
Simulation_lift;0;290;0.010965813;-0.1579954;0.018317493
Simulation_lift;0;300;0.011464202;-0.15777329;0.013497638
Simulation_lift;0;310;0.011419618;-0.157599;0.00863783
Simulation_lift;0;320;0.011114854;-0.15747717;0.0037820998
Simulation_lift;0;330;0.011299768;-0.1574107;-0.0010249716
Simulation_lift;0;340;0.011262362;-0.1574008;-0.005739169
Simulation_lift;0;350;0.0114053525;-0.15744704;-0.010317073
Simulation_lift;0;360;0.0115145575;-0.15754709;-0.014715956
Simulation_lift;0;370;0.0120169325;-0.15769684;-0.01889491
Simulation_lift;0;380;0.01180277;-0.15789062;-0.022815995
Simulation_lift;0;390;0.011270884;-0.15812135;-0.02644375
Simulation_lift;0;400;0.01128052;-0.1583807;-0.02974502
Simulation_lift;0;410;0.01106422;-0.15865944;-0.032689814
Simulation_lift;0;420;0.011434913;-0.15894769;-0.035251845
Simulation_lift;0;430;0.011725912;-0.1592353;-0.037408657
Simulation_lift;0;440;0.011245873;-0.15951218;-0.039141983
Simulation_lift;0;450;0.011288096;-0.15976872;-0.040438004
Simulation_lift;0;460;0.010917373;-0.15999614;-0.04128716
Simulation_lift;0;470;0.011016736;-0.1601868;-0.04168403
Simulation_lift;0;480;0.010530477;-0.16033451;-0.04162733
Simulation_lift;0;490;0.010974738;-0.16043466;-0.041119676
Simulation_lift;0;500;0.010897908;-0.16048436;-0.0401676
Simulation_lift;0;510;0.011646047;-0.16048254;-0.03878156
Simulation_lift;0;520;0.010822152;-0.16043001;-0.036975708
Simulation_lift;0;530;0.010920119;-0.1603295;-0.03476756
Simulation_lift;0;540;0.011067282;-0.16018547;-0.032177582
Simulation_lift;0;550;0.010851228;-0.16000389;-0.029228972
Simulation_lift;0;560;0.010954964;-0.15979184;-0.025947869
Simulation_lift;0;570;0.011183581;-0.1595573;-0.022363327
Simulation_lift;0;580;0.011263305;-0.15930869;-0.018506728
Simulation_lift;0;590;0.011251903;-0.15905485;-0.014411203
Simulation_lift;0;600;0.010856102;-0.15880474;-0.010111835
Simulation_lift;0;610;0.011074415;-0.15856695;-0.005646025
Simulation_lift;0;620;0.011067232;-0.15834934;-0.0010529229
Simulation_lift;0;630;0.011535458;-0.15815884;0.0036274893
Simulation_lift;0;640;0.01144005;-0.15800132;0.008354501
Simulation_lift;0;650;0.011523153;-0.15788141;0.013086617
Simulation_lift;0;660;0.011503175;-0.15780246;0.017782414
Simulation_lift;0;670;0.011984992;-0.15776648;0.022401096
Simulation_lift;0;680;0.0120045375;-0.1577738;0.026901992
Simulation_lift;0;690;0.01202918;-0.15782304;0.03124494
Simulation_lift;0;700;0.0119815385;-0.15791146;0.03539173
Simulation_lift;0;710;0.011926054;-0.15803503;0.039306503
Simulation_lift;0;720;0.011851056;-0.15818848;0.042955473
Simulation_lift;0;730;0.012118617;-0.15836541;0.046307188
Simulation_lift;0;740;0.012553881;-0.15855846;0.04933292
Simulation_lift;0;0;0.011713447;-0.15862954;0.016744647
Simulation_lift;0;10;0.011700434;-0.15861443;0.02428653
Simulation_lift;0;20;0.011802094;-0.1586745;0.028058019
Simulation_lift;0;30;0.011697144;-0.15879554;0.032270115
Simulation_lift;0;40;0.011276057;-0.15897007;0.036456436
Simulation_lift;0;50;0.011217344;-0.15919065;0.04041664
Simulation_lift;0;60;0.011219026;-0.15944861;0.04404904
Simulation_lift;0;70;0.011386107;-0.15973392;0.04728968
Simulation_lift;0;80;0.011847595;-0.16003549;0.050091773
Simulation_lift;0;90;0.011786788;-0.16034162;0.05241983
Simulation_lift;0;0;0.011713447;-0.15862954;0.016744647
Simulation_lift;0;10;0.01170286;-0.15859373;0.027870962
Simulation_lift;0;20;0.011802094;-0.15865472;0.03003587
Simulation_lift;0;30;0.011697144;-0.15878166;0.033609863
Simulation_lift;0;40;0.011278216;-0.15896212;0.037537165
Simulation_lift;0;50;0.011208344;-0.15918614;0.041406855
Simulation_lift;0;60;0.011210026;-0.1594437;0.045048494
Simulation_lift;0;70;0.011371698;-0.15972392;0.048380673
Simulation_lift;0;80;0.011829459;-0.16001521;0.051356155
Simulation_lift;0;90;0.011765925;-0.16030559;0.05394247
Simulation_lift;0;100;0.011525488;-0.16058311;0.05611502
Simulation_lift;0;110;0.011553195;-0.16083616;0.05785431
Simulation_lift;0;120;0.011180161;-0.16105402;0.05914534
Simulation_lift;0;130;0.0110332575;-0.16122729;0.059977844
Simulation_lift;0;140;0.011172069;-0.16134839;0.060346324
Simulation_lift;0;150;0.011166929;-0.16141178;0.060249563
Simulation_lift;0;160;0.010977327;-0.16141403;0.05969046
Simulation_lift;0;170;0.011087219;-0.16135393;0.05867621
Simulation_lift;0;180;0.010385446;-0.16123267;0.05721801
Simulation_lift;0;190;0.010879875;-0.16105367;0.05533055
Simulation_lift;0;200;0.010696571;-0.1608224;0.053031977
Simulation_lift;0;210;0.011073729;-0.1605459;0.050343957
Simulation_lift;0;220;0.0106633585;-0.16023271;0.04729139
Simulation_lift;0;230;0.010780065;-0.15989253;0.043902077
Simulation_lift;0;240;0.010420739;-0.15953606;0.040206384
Simulation_lift;0;250;0.0105238;-0.15917458;0.036237035
Simulation_lift;0;260;0.010640285;-0.1588194;0.032029185
Simulation_lift;0;270;0.011002906;-0.15848152;0.02762027
Simulation_lift;0;280;0.010927187;-0.15817112;0.023049803
Simulation_lift;0;290;0.010935132;-0.15789735;0.01835928
Simulation_lift;0;300;0.011450188;-0.1576682;0.013591526
Simulation_lift;0;310;0.011312388;-0.1574902;0.008789805
Simulation_lift;0;320;0.011115074;-0.1573681;0.0039977836
Simulation_lift;0;330;0.011337396;-0.15730481;-0.0007404492
Simulation_lift;0;340;0.011275966;-0.15730143;-0.005381283
Simulation_lift;0;350;0.0114053525;-0.15735711;-0.009881995
Simulation_lift;0;360;0.011485174;-0.15746911;-0.014200631
Simulation_lift;0;370;0.011661572;-0.1576327;-0.01829713
Simulation_lift;0;380;0.01180277;-0.1578415;-0.022134427
Simulation_lift;0;390;0.01127688;-0.15808775;-0.025677975
Simulation_lift;0;400;0.011160038;-0.1583624;-0.028895544
Simulation_lift;0;410;0.01106422;-0.15865552;-0.03175808
Simulation_lift;0;420;0.0114485165;-0.15895662;-0.03424023
Simulation_lift;0;430;0.011861821;-0.159255;-0.03632048
Simulation_lift;0;440;0.011155857;-0.15954025;-0.03798147
Simulation_lift;0;450;0.011260991;-0.15980248;-0.039210275
Simulation_lift;0;460;0.010917373;-0.16003282;-0.0399982
Simulation_lift;0;470;0.011019078;-0.1602237;-0.04034063
Simulation_lift;0;480;0.0103893215;-0.16036908;-0.040237024
Simulation_lift;0;490;0.010947536;-0.1604647;-0.039690692
Simulation_lift;0;500;0.010897908;-0.16050802;-0.038708746
Simulation_lift;0;510;0.011646047;-0.16049846;-0.03730215
Simulation_lift;0;520;0.010805724;-0.1604373;-0.035485428
Simulation_lift;0;530;0.01093297;-0.16032782;-0.03327634
Simulation_lift;0;540;0.011061618;-0.16017497;-0.030695487
Simulation_lift;0;550;0.010851228;-0.15998515;-0.02776606
Simulation_lift;0;560;0.01092075;-0.15976587;-0.024514046
Simulation_lift;0;570;0.011044063;-0.15952538;-0.020968199
Simulation_lift;0;580;0.011253207;-0.15927239;-0.017159456
Simulation_lift;0;590;0.011256326;-0.15901592;-0.01312037
Simulation_lift;0;600;0.010856102;-0.15876506;-0.008885329
Simulation_lift;0;610;0.011074415;-0.15852843;-0.004490947
Simulation_lift;0;620;0.011170923;-0.15831381;2.4502824e-05
Simulation_lift;0;630;0.011245831;-0.15812811;0.004621971
Simulation_lift;0;640;0.011413102;-0.15797706;0.009261679
Simulation_lift;0;650;0.011516066;-0.15786514;0.013903082
Simulation_lift;0;660;0.011483139;-0.15779552;0.018505672
Simulation_lift;0;670;0.011532144;-0.15777001;0.023029415
Simulation_lift;0;680;0.012013061;-0.15778866;0.027434235
Simulation_lift;0;690;0.011906485;-0.15784988;0.031680487
Simulation_lift;0;700;0.012014875;-0.15795057;0.035730362
Simulation_lift;0;710;0.011867109;-0.15808637;0.039548215
Simulation_lift;0;720;0.011848526;-0.1582517;0.04310027
Simulation_lift;0;730;0.011881164;-0.15843971;0.04635497
Simulation_lift;0;740;0.012062008;-0.15864262;0.049283452
Simulation_lift;0;750;0.0124183195;-0.15885192;0.051860183
Simulation_lift;0;760;0.012090599;-0.15905882;0.054063305
Simulation_lift;0;770;0.012238588;-0.15925439;0.055874366
Simulation_lift;0;780;0.012184633;-0.15943003;0.057278406
Simulation_lift;0;790;0.012209467;-0.15957777;0.058264427
Simulation_lift;0;800;0.011807528;-0.15969074;0.058825497
Simulation_lift;0;810;0.011947877;-0.15976323;0.058958452
Simulation_lift;0;820;0.01165107;-0.15979098;0.05866372
Simulation_lift;0;830;0.011943053;-0.15977119;0.057945456
Simulation_lift;0;840;0.01142065;-0.15970287;0.05681153
Simulation_lift;0;850;0.0114243785;-0.15958685;0.055273134
Simulation_lift;0;860;0.011341727;-0.15942565;0.05334468
Simulation_lift;0;870;0.01142152;-0.15922335;0.051043835
Simulation_lift;0;880;0.01115502;-0.15898542;0.04839135
Simulation_lift;0;890;0.011356696;-0.15871869;0.04541075
Simulation_lift;0;900;0.011669134;-0.15843114;0.042127907
Simulation_lift;0;910;0.01185074;-0.15813154;0.038570892
Simulation_lift;0;920;0.011469678;-0.1578292;0.034769993
Simulation_lift;0;930;0.011138035;-0.15753345;0.0307577
Simulation_lift;0;940;0.011329298;-0.15725337;0.026568461
Simulation_lift;0;950;0.011569075;-0.15699741;0.022238648
Simulation_lift;0;960;0.011634169;-0.15677334;0.01780614
Simulation_lift;0;970;0.0121927485;-0.15658794;0.013309533
Simulation_lift;0;980;0.011814905;-0.1564467;0.008788063
Simulation_lift;0;990;0.011769289;-0.15635365;0.004281941
Simulation_lift;0;1000;0.011738058;-0.1563113;-0.0001683699
Simulation_lift;0;1010;0.011992974;-0.15632066;-0.004523095
Simulation_lift;0;1020;0.012076294;-0.15638122;-0.008743111
Simulation_lift;0;1030;0.012181083;-0.15649076;-0.012790202
Simulation_lift;0;1040;0.012424272;-0.15664545;-0.016627982
Simulation_lift;0;1050;0.01234322;-0.15684004;-0.020221999
Simulation_lift;0;1060;0.012638981;-0.15706794;-0.023539538
Simulation_lift;0;1070;0.012774784;-0.15732156;-0.026550388
Simulation_lift;0;1080;0.012156498;-0.15759249;-0.029227696
Simulation_lift;0;1090;0.012372523;-0.15787189;-0.03154803
Simulation_lift;0;1100;0.013179553;-0.15815063;-0.033491343
Simulation_lift;0;1110;0.013055502;-0.15841965;-0.03504129
Simulation_lift;0;1120;0.012829054;-0.15867028;-0.03618535
Simulation_lift;0;1130;0.012596133;-0.15889452;-0.036914695
Simulation_lift;0;1140;0.01225325;-0.15908551;-0.03722422
Simulation_lift;0;1150;0.011845487;-0.15923753;-0.037112508
Simulation_lift;0;1160;0.012047011;-0.15934634;-0.03658196
Simulation_lift;0;1170;0.0126484865;-0.15940924;-0.03563883
Simulation_lift;0;1180;0.012727311;-0.15942515;-0.03429285
Simulation_lift;0;1190;0.012402901;-0.15939479;-0.032556966
Simulation_lift;0;1200;0.011053436;-0.15932046;-0.030447256
Simulation_lift;0;1210;0.011625316;-0.15920612;-0.027982576
Simulation_lift;0;1220;0.011595178;-0.1590571;-0.025184352
Simulation_lift;0;1230;0.011203691;-0.15887985;-0.02207679
Simulation_lift;0;1240;0.011641535;-0.15868156;-0.018686816
Simulation_lift;0;1250;0.011460223;-0.15846992;-0.015043519
Simulation_lift;0;1260;0.011486705;-0.15825297;-0.011177751
Simulation_lift;0;1270;0.011658981;-0.15803897;-0.0071223686
Simulation_lift;0;1280;0.011863457;-0.15783581;-0.002912342
Simulation_lift;0;1290;0.01166936;-0.15765077;0.0014159506
Simulation_lift;0;1300;0.01161301;-0.15749031;0.0058252923
Simulation_lift;0;1310;0.011683257;-0.15735996;0.010277464
Simulation_lift;0;1320;0.011978728;-0.15726404;0.014733477
Simulation_lift;0;1330;0.012039429;-0.15720578;0.01915449
Simulation_lift;0;1340;0.0121119525;-0.1571871;0.023501921
Simulation_lift;0;1350;0.012033452;-0.15720838;0.027736923
Simulation_lift;0;1360;0.012092162;-0.15726839;0.031821135
Simulation_lift;0;1370;0.012244185;-0.15736456;0.035718
Simulation_lift;0;1380;0.011888148;-0.15749317;0.03939301
Simulation_lift;0;1390;0.012197868;-0.15764931;0.042813536
Simulation_lift;0;1400;0.0125946235;-0.15782689;0.045948923
Simulation_lift;0;1410;0.012525196;-0.1580189;0.048770953
Simulation_lift;0;1420;0.01275394;-0.15821764;0.051254667
Simulation_lift;0;1430;0.012380212;-0.15841502;0.05337863
Simulation_lift;0;1440;0.012500768;-0.15860286;0.055124648
Simulation_lift;0;1450;0.012454805;-0.15877317;0.05647795
Simulation_lift;0;1460;0.012461781;-0.15891854;0.05742754
Simulation_lift;0;1470;0.012283611;-0.15903243;0.057966284
Simulation_lift;0;1480;0.012113886;-0.15910941;0.058090683
Simulation_lift;0;1490;0.011719925;-0.15914522;0.057800774
Simulation_lift;0;1500;0.011965319;-0.15913704;0.05710022
Simulation_lift;0;1510;0.0119795175;-0.15908366;0.055996258
Simulation_lift;0;1520;0.011813796;-0.15898557;0.054499414
Simulation_lift;0;1530;0.011491039;-0.15884483;0.052623387
Simulation_lift;0;1540;0.01201838;-0.15866502;0.050385103
Simulation_lift;0;1550;0.011390683;-0.15845105;0.04780455
Simulation_lift;0;1560;0.011780552;-0.15820923;0.044904374
Simulation_lift;0;1570;0.011697756;-0.15794693;0.041709498
Simulation_lift;0;1580;0.012019893;-0.15767238;0.03824706
Simulation_lift;0;1590;0.012090446;-0.15739432;0.03454649
Simulation_lift;0;1600;0.011689467;-0.15712163;0.03063938
Simulation_lift;0;1610;0.011485069;-0.15686294;0.026559277
Simulation_lift;0;1620;0.011354404;-0.15662642;0.0223416
Simulation_lift;0;1630;0.011950725;-0.15641953;0.018023212
Simulation_lift;0;1640;0.012213517;-0.15624884;0.01364172
Simulation_lift;0;1650;0.012130266;-0.15611975;0.00923549
Simulation_lift;0;1660;0.011951245;-0.15603623;0.00484386
Simulation_lift;0;1670;0.011975971;-0.15600081;0.0005063793
Simulation_lift;0;1680;0.011915788;-0.15601462;-0.003738055
Simulation_lift;0;1690;0.012406066;-0.15607731;-0.007851198
Simulation_lift;0;1700;0.012486831;-0.15618688;-0.0117957415
Simulation_lift;0;1710;0.012536665;-0.15633981;-0.015536083
Simulation_lift;0;1720;0.012330989;-0.15653113;-0.01903837
Simulation_lift;0;1730;0.0125630405;-0.15675461;-0.022270458
Simulation_lift;0;1740;0.012311611;-0.15700305;-0.025202783
Simulation_lift;0;1750;0.01264549;-0.15726843;-0.0278091
Simulation_lift;0;1760;0.01298257;-0.15754232;-0.030066416
Simulation_lift;0;1770;0.013295955;-0.15781596;-0.031955037
Simulation_lift;0;1780;0.013049037;-0.15808067;-0.03345894
Simulation_lift;0;1790;0.01286762;-0.15832804;-0.034565825
Simulation_lift;0;1800;0.012743564;-0.1585504;-0.035267003
Simulation_lift;0;1810;0.012517499;-0.15874103;-0.035557438
Simulation_lift;0;1820;0.012565775;-0.15889439;-0.035435736
Simulation_lift;0;1830;0.01241229;-0.1590063;-0.03490428
Simulation_lift;0;1840;0.012771524;-0.15907405;-0.03396924
Simulation_lift;0;1850;0.01273465;-0.15909654;-0.032640204
Simulation_lift;0;1860;0.012418397;-0.15907432;-0.03092992
Simulation_lift;0;1870;0.011358102;-0.15900956;-0.028854217
Simulation_lift;0;1880;0.011625316;-0.15890598;-0.026431656
Simulation_lift;0;1890;0.011598135;-0.15876871;-0.023683377
Simulation_lift;0;1900;0.011203691;-0.15860394;-0.020633291
Simulation_lift;0;1910;0.011753939;-0.15841858;-0.01730797
Simulation_lift;0;1920;0.011737353;-0.15822007;-0.013736057
Simulation_lift;0;1930;0.01156742;-0.15801619;-0.009947967
Simulation_lift;0;1940;0.011666074;-0.1578149;-0.0059761647
Simulation_lift;0;1950;0.011941099;-0.15762387;-0.0018551776
Simulation_lift;0;1960;0.012036214;-0.15745012;0.0023791622
Simulation_lift;0;1970;0.01216007;-0.15729997;0.0066902116
Simulation_lift;0;1980;0.011617684;-0.15717869;0.01104032
Simulation_lift;0;1990;0.011978728;-0.1570905;0.015391124
Simulation_lift;0;2000;0.012135857;-0.15703851;0.01970445
Simulation_lift;0;2010;0.012114679;-0.15702453;0.023942325
Simulation_lift;0;2020;0.0121434005;-0.15704887;0.028066535
Simulation_lift;0;2030;0.012122686;-0.15711027;0.03203946
Simulation_lift;0;2040;0.012541231;-0.15720621;0.035825294
Simulation_lift;0;2050;0.012185194;-0.15733299;0.03939027
Simulation_lift;0;2060;0.012367495;-0.1574858;0.042702485
Simulation_lift;0;2070;0.012836707;-0.15765871;0.04573201
Simulation_lift;0;2080;0.012725684;-0.15784487;0.048451357
Simulation_lift;0;2090;0.01276239;-0.15803678;0.05083631
Simulation_lift;0;2100;0.0124193095;-0.15822664;0.052866105
Simulation_lift;0;2110;0.012500768;-0.15840651;0.054523177
Simulation_lift;0;2120;0.0128083145;-0.15856872;0.055793356
Simulation_lift;0;2130;0.012607526;-0.1587062;0.05666623
Simulation_lift;0;2140;0.012329198;-0.15881272;0.057135165
Simulation_lift;0;2150;0.012563314;-0.15888308;0.057197098
Simulation_lift;0;2160;0.011932119;-0.15891334;0.056852452
Simulation_lift;0;2170;0.011965319;-0.15890089;0.05610522
Simulation_lift;0;2180;0.0119795175;-0.1588447;0.054962903
Simulation_lift;0;2190;0.011813796;-0.15874541;0.053436264
Simulation_lift;0;2200;0.012029966;-0.15860516;0.051539198
Simulation_lift;0;2210;0.0121472785;-0.15842754;0.049288746
Simulation_lift;0;2220;0.011627181;-0.1582175;0.046704948
Simulation_lift;0;2230;0.011851969;-0.15798129;0.04381044
Simulation_lift;0;2240;0.011906997;-0.15772615;0.040630065
Simulation_lift;0;2250;0.012161218;-0.15746018;0.037190877
Simulation_lift;0;2260;0.012206877;-0.15719193;0.03352219
Simulation_lift;0;2270;0.0118452385;-0.15693;0.029655436
Simulation_lift;0;2280;0.011720677;-0.15668276;0.02562398
Simulation_lift;0;2290;0.011575186;-0.15645804;0.021462975
Simulation_lift;0;2300;0.011953066;-0.15626304;0.017208893
Simulation_lift;0;2310;0.012258019;-0.15610403;0.012898883
Simulation_lift;0;2320;0.011991832;-0.15598606;0.008570887
Simulation_lift;0;2330;0.011996726;-0.15591282;0.0042637824
Simulation_lift;0;2340;0.011975971;-0.15588659;1.6495225e-05
Simulation_lift;0;2350;0.0122590475;-0.15590826;-0.0041327644
Simulation_lift;0;2360;0.012423214;-0.15597726;-0.008146462
Simulation_lift;0;2370;0.012419698;-0.15609147;-0.011988116
Simulation_lift;0;2380;0.012554715;-0.15624718;-0.015622962
Simulation_lift;0;2390;0.012511861;-0.15643942;-0.01901788
Simulation_lift;0;2400;0.012766886;-0.15666196;-0.022141531
Simulation_lift;0;2410;0.012922116;-0.15690762;-0.02496531
Simulation_lift;0;2420;0.01264549;-0.15716855;-0.027463924
Simulation_lift;0;2430;0.013264299;-0.15743649;-0.029615272
Simulation_lift;0;2440;0.013251671;-0.1577029;-0.031400535
Simulation_lift;0;2450;0.012856497;-0.15795933;-0.03280453
Simulation_lift;0;2460;0.01286762;-0.15819772;-0.033815734
Simulation_lift;0;2470;0.012449124;-0.15841071;-0.03442617
Simulation_lift;0;2480;0.012541705;-0.15859193;-0.034631457
Simulation_lift;0;2490;0.012383523;-0.15873615;-0.034430835
Simulation_lift;0;2500;0.012757808;-0.15883952;-0.033827305
Simulation_lift;0;2510;0.012788947;-0.15889964;-0.032827567
Simulation_lift;0;2520;0.01273465;-0.15891567;-0.03144163
Simulation_lift;0;2530;0.012415902;-0.15888841;-0.029682584
Simulation_lift;0;2540;0.01126955;-0.15882023;-0.02756656
Simulation_lift;0;2550;0.011650685;-0.15871495;-0.025112335
Simulation_lift;0;2560;0.011593822;-0.15857778;-0.022341264
Simulation_lift;0;2570;0.011378262;-0.15841492;-0.019277481
Simulation_lift;0;2580;0.011747847;-0.15823317;-0.01594767
Simulation_lift;0;2590;0.011737353;-0.15803984;-0.01238047
Simulation_lift;0;2600;0.011918256;-0.15784262;-0.008606294
Simulation_lift;0;2610;0.011986971;-0.15764922;-0.0046576574
Simulation_lift;0;2620;0.012023149;-0.15746704;-0.0005690146
Simulation_lift;0;2630;0.012041773;-0.15730283;0.0036240483
Simulation_lift;0;2640;0.0121691525;-0.15716256;0.007885144
Simulation_lift;0;2650;0.012380949;-0.15705125;0.01217687
Simulation_lift;0;2660;0.0121673895;-0.15697278;0.016461296
Simulation_lift;0;2670;0.012225769;-0.15692998;0.02070077
Simulation_lift;0;2680;0.012224629;-0.15692437;0.024857728
Simulation_lift;0;2690;0.012440446;-0.15695593;0.02889442
Simulation_lift;0;2700;0.012442661;-0.15702315;0.03277397
Simulation_lift;0;2710;0.012541231;-0.15712336;0.036461435
Simulation_lift;0;2720;0.012397884;-0.15725271;0.03992384
Simulation_lift;0;2730;0.012515231;-0.1574063;0.04313006
Simulation_lift;0;2740;0.012938012;-0.15757814;0.046050984
Simulation_lift;0;2750;0.01275866;-0.1577614;0.048660077
Simulation_lift;0;2760;0.01266959;-0.15794864;0.05093413
Simulation_lift;0;2770;0.012579812;-0.15813224;0.052853297
Simulation_lift;0;2780;0.012797307;-0.15830444;0.054400884
Simulation_lift;0;2790;0.0128678745;-0.15845788;0.055563644
Simulation_lift;0;2800;0.012644331;-0.15858579;0.056332067
Simulation_lift;0;2810;0.012498118;-0.15868229;0.056700334
Simulation_lift;0;2820;0.012563314;-0.15874256;0.056666136
Simulation_lift;0;2830;0.012125212;-0.15876299;0.05623063
Simulation_lift;0;2840;0.011965319;-0.15874134;0.055398487
Simulation_lift;0;2850;0.012113744;-0.15867695;0.054177806
Simulation_lift;0;2860;0.011813796;-0.15857075;0.052579895
Simulation_lift;0;2870;0.012150236;-0.15842514;0.050619185
Simulation_lift;0;2880;0.012165502;-0.1582439;0.048313197
Simulation_lift;0;2890;0.011630563;-0.15803218;0.04568234
Simulation_lift;0;2900;0.011856241;-0.15779632;0.042749524
Simulation_lift;0;2910;0.012091332;-0.15754367;0.039539814
Simulation_lift;0;2920;0.012173612;-0.15728226;0.036080487
Simulation_lift;0;2930;0.012216673;-0.15702052;0.032401074
Simulation_lift;0;2940;0.011871016;-0.15676688;0.028533172
Simulation_lift;0;2950;0.011777831;-0.15652944;0.024510248
Simulation_lift;0;2960;0.011818816;-0.15631577;0.020367483
Simulation_lift;0;2970;0.012190478;-0.15613277;0.016141193
Simulation_lift;0;2980;0.012122823;-0.15598635;0.011868322
Simulation_lift;0;2990;0.011944615;-0.1558812;0.007586706
Simulation_lift;0;3000;0.011941907;-0.1558206;0.0033349816
Simulation_lift;0;3010;0.012121769;-0.1558065;-0.0008484103
Simulation_lift;0;3020;0.012473748;-0.15583946;-0.0049257856
Simulation_lift;0;3030;0.012524417;-0.15591861;-0.008860165
Simulation_lift;0;3040;0.012325561;-0.15604149;-0.012615792
Simulation_lift;0;3050;0.012601423;-0.1562042;-0.016158618
Simulation_lift;0;3060;0.01270452;-0.15640149;-0.019456152
Simulation_lift;0;3070;0.013162593;-0.15662704;-0.02247787
Simulation_lift;0;3080;0.012799484;-0.15687364;-0.025196202
Simulation_lift;0;3090;0.012597402;-0.15713347;-0.027586851
Simulation_lift;0;3100;0.013244824;-0.15739831;-0.029628655
Simulation_lift;0;3110;0.013246867;-0.15765978;-0.031303775
Simulation_lift;0;3120;0.013219569;-0.15790963;-0.032598007
Simulation_lift;0;3130;0.012853154;-0.15814005;-0.033500727
Simulation_lift;0;3140;0.012736987;-0.15834399;-0.034004834
Simulation_lift;0;3150;0.01285344;-0.15851544;-0.03410679
Simulation_lift;0;3160;0.013153225;-0.15864953;-0.033806697
Simulation_lift;0;3170;0.012768853;-0.15874279;-0.033108406
Simulation_lift;0;3180;0.012788947;-0.15879315;-0.032019373
Simulation_lift;0;3190;0.01273465;-0.1588002;-0.030550215
Simulation_lift;0;3200;0.012412799;-0.15876503;-0.028714636
Simulation_lift;0;3210;0.011390604;-0.15869032;-0.026529277
Simulation_lift;0;3220;0.011650685;-0.15858014;-0.024013365
Simulation_lift;0;3230;0.011620309;-0.15843989;-0.02118874
Simulation_lift;0;3240;0.011372294;-0.1582758;-0.018080007
Simulation_lift;0;3250;0.0117451465;-0.15809473;-0.014714184
Simulation_lift;0;3260;0.011848541;-0.15790397;-0.01112012
Simulation_lift;0;3270;0.011973278;-0.1577111;-0.0073285038
Simulation_lift;0;3280;0.012028623;-0.15752372;-0.003372158
Simulation_lift;0;3290;0.012040164;-0.15734896;0.0007143434
Simulation_lift;0;3300;0.012097984;-0.15719333;0.004895472
Simulation_lift;0;3310;0.0121691525;-0.15706252;0.009134846
Simulation_lift;0;3320;0.012388147;-0.1569612;0.013395099
Simulation_lift;0;3330;0.012572859;-0.15689296;0.017638579
Simulation_lift;0;3340;0.012553347;-0.1568603;0.021827964
Simulation_lift;0;3350;0.012542064;-0.1568644;0.025925864
Simulation_lift;0;3360;0.012518901;-0.15690485;0.02989486
Simulation_lift;0;3370;0.0124472575;-0.15697986;0.03369875
Simulation_lift;0;3380;0.012501811;-0.1570865;0.037303325
Simulation_lift;0;3390;0.012355648;-0.15722075;0.040676307
Simulation_lift;0;3400;0.012836707;-0.1573775;0.04378726
Simulation_lift;0;3410;0.012948028;-0.15755059;0.04660783
Simulation_lift;0;3420;0.0128001;-0.15773311;0.049112435
Simulation_lift;0;3430;0.012428019;-0.15791771;0.051278885
Simulation_lift;0;3440;0.0125656305;-0.15809676;0.053088248
Simulation_lift;0;3450;0.012962557;-0.15826268;0.054524746
Simulation_lift;0;3460;0.012969023;-0.15840836;0.055576146
Simulation_lift;0;3470;0.012361227;-0.1585273;0.056233916
Simulation_lift;0;3480;0.012498118;-0.15861395;0.056493156
Simulation_lift;0;3490;0.012558847;-0.15866382;0.056352433
Simulation_lift;0;3500;0.012156273;-0.15867367;0.055813763
Simulation_lift;0;3510;0.012033751;-0.15864168;0.054882653
Simulation_lift;0;3520;0.01225238;-0.15856756;0.053567965
Simulation_lift;0;3530;0.011852468;-0.15845262;0.05188173
Simulation_lift;0;3540;0.012156627;-0.15829955;0.049839083
Simulation_lift;0;3550;0.012083639;-0.15811247;0.047458205
Simulation_lift;0;3560;0.011935373;-0.15789674;0.044760056
Simulation_lift;0;3570;0.011856241;-0.15765895;0.041767977
Simulation_lift;0;3580;0.012064915;-0.15740652;0.03850745
Simulation_lift;0;3590;0.012177816;-0.15714757;0.03500619
Simulation_lift;0;3600;0.012221892;-0.15689047;0.03129415
Simulation_lift;0;3610;0.011876216;-0.15664348;0.027403247
Simulation_lift;0;3620;0.011791815;-0.15641451;0.02336726
Simulation_lift;0;3630;0.011957651;-0.15621093;0.019221555
Simulation_lift;0;3640;0.012766547;-0.15603931;0.0150024425
Simulation_lift;0;3650;0.012553465;-0.15590526;0.010746878
Simulation_lift;0;3660;0.011992168;-0.15581305;0.006492778
Simulation_lift;0;3670;0.011983895;-0.1557656;0.002278655
Simulation_lift;0;3680;0.012164678;-0.15576446;-0.0018574278
Simulation_lift;0;3690;0.012473748;-0.15580988;-0.005878155
Simulation_lift;0;3700;0.012543596;-0.15590057;-0.009746991
Simulation_lift;0;3710;0.012381833;-0.15603371;-0.013428796
Simulation_lift;0;3720;0.012459472;-0.15620507;-0.016890097
Simulation_lift;0;3730;0.012515384;-0.1564092;-0.020098975
Simulation_lift;0;3740;0.012812047;-0.15663955;-0.023025744
Simulation_lift;0;3750;0.012799484;-0.1568888;-0.025643835
Simulation_lift;0;3760;0.012983292;-0.15714906;-0.02792991
Simulation_lift;0;3770;0.013303903;-0.15741216;-0.029863743
Simulation_lift;0;3780;0.013013076;-0.15766978;-0.031428512
Simulation_lift;0;3790;0.012872152;-0.15791382;-0.032611024
Simulation_lift;0;3800;0.012765074;-0.15813673;-0.033401616
Simulation_lift;0;3810;0.012615304;-0.15833174;-0.03379414
Simulation_lift;0;3820;0.012829235;-0.15849318;-0.033786014
Simulation_lift;0;3830;0.012399244;-0.15861656;-0.03337831
Simulation_lift;0;3840;0.012788947;-0.15869877;-0.032575864
Simulation_lift;0;3850;0.012686964;-0.15873821;-0.031386953
Simulation_lift;0;3860;0.012746604;-0.15873483;-0.029822957
Simulation_lift;0;3870;0.012024046;-0.15869012;-0.027898319
Simulation_lift;0;3880;0.011862037;-0.1586071;-0.025630323
Simulation_lift;0;3890;0.011662129;-0.1584902;-0.023038795
Simulation_lift;0;3900;0.011620309;-0.15834498;-0.020146228
Simulation_lift;0;3910;0.011631244;-0.15817787;-0.016977835
Simulation_lift;0;3920;0.0118339015;-0.15799575;-0.013561068
Simulation_lift;0;3930;0.0118691055;-0.15780593;-0.009925135
Simulation_lift;0;3940;0.011980371;-0.15761602;-0.006101179
Simulation_lift;0;3950;0.012028623;-0.15743345;-0.0021224574
Simulation_lift;0;3960;0.012049923;-0.15726514;0.0019762586
Simulation_lift;0;3970;0.012342818;-0.15711738;0.006159364
Simulation_lift;0;3980;0.012024677;-0.15699556;0.010390323
Simulation_lift;0;3990;0.012385721;-0.15690401;0.014631727
Simulation_lift;0;0;0.011713447;-0.15862954;0.016744647
Simulation_lift;0;10;0.0117886495;-0.15802422;0.11031463
Simulation_lift;0;20;0.011715774;-0.15795957;0.078236945
Simulation_lift;0;30;0.011759171;-0.1583794;0.07008449
Simulation_lift;0;40;0.011431332;-0.15903386;0.07060707
Simulation_lift;0;50;0.01116149;-0.15969804;0.07432831
Simulation_lift;0;60;0.011237509;-0.16026;0.07926665
Simulation_lift;0;70;0.011394983;-0.16067263;0.084654786
Simulation_lift;0;80;0.011621326;-0.16091925;0.09016289
Simulation_lift;0;90;0.011870369;-0.16099718;0.09562528
Simulation_lift;0;100;0.0118114455;-0.1609107;0.10093571
Simulation_lift;0;110;0.011499392;-0.16066805;0.10600977
Simulation_lift;0;120;0.01150016;-0.1602804;0.11077305
Simulation_lift;0;130;0.011127508;-0.15976165;0.11515499
Simulation_lift;0;140;0.011356036;-0.15912831;0.119083375
Simulation_lift;0;150;0.011485176;-0.15839943;0.12248167
Simulation_lift;0;160;0.011395511;-0.15759633;0.1252728
Simulation_lift;0;0;0.011713447;-0.15862954;0.016744647
Simulation_lift;0;10;0.01149875;-0.15679316;0.24328294
Simulation_lift;0;20;0.011717696;-0.1586001;0.14734475
Simulation_lift;0;30;0.011847341;-0.16376296;0.120563656
Simulation_lift;0;40;0.011520091;-0.16947298;0.118318826
Simulation_lift;0;50;0.011572878;-0.174494;0.12505628
Simulation_lift;0;60;0.011649863;-0.1786694;0.13525587
Simulation_lift;0;70;0.011695137;-0.18212788;0.14692381
Simulation_lift;0;0;0.011713447;-0.15862954;0.016744647
Simulation_lift;0;10;0.011682559;-0.15926242;-0.17219327
Simulation_lift;0;20;0.01184078;-0.1593745;-0.08325737
Simulation_lift;0;30;0.011424658;-0.16182496;-0.05168866
Simulation_lift;0;40;0.011309471;-0.16527975;-0.040109728
Simulation_lift;0;50;0.0114950035;-0.16885124;-0.03601896
Simulation_lift;0;60;0.0113879945;-0.17229813;-0.03507393
Simulation_lift;0;70;0.011197001;-0.1756036;-0.035655685
Simulation_lift;0;80;0.011210959;-0.17877626;-0.037114862
Simulation_lift;0;90;0.011950088;-0.18180412;-0.03917759
Simulation_lift;0;100;0.011608956;-0.18464608;-0.04175108
Simulation_lift;0;110;0.0111712245;-0.18723835;-0.044849437
Simulation_lift;0;120;0.011011534;-0.1895069;-0.048541825
Simulation_lift;0;130;0.011026397;-0.19137983;-0.05290025
Simulation_lift;0;140;0.011369342;-0.1927989;-0.0579516
Simulation_lift;0;150;0.011088647;-0.1937272;-0.06364476
Simulation_lift;0;160;0.010937086;-0.19415371;-0.069843166
Simulation_lift;0;170;0.010838689;-0.1940955;-0.07634858
Simulation_lift;0;180;0.010864378;-0.1935981;-0.08294647
Simulation_lift;0;190;0.010914829;-0.1927332;-0.08945962
Simulation_lift;0;200;0.010784531;-0.19159362;-0.0957903
Simulation_lift;0;210;0.010408959;-0.19028471;-0.10194517
Simulation_lift;0;220;0.010225841;-0.18891232;-0.10806102
Simulation_lift;0;230;0.009965637;-0.18756586;-0.114457555
Simulation_lift;0;240;0.009539579;-0.18629926;-0.12169244
Simulation_lift;0;250;0.009205226;-0.18511842;-0.13046068
Simulation_lift;0;260;0.009158436;-0.18399495;-0.14116237
Simulation_lift;0;270;0.0087649645;-0.18291606;-0.15327951
Simulation_lift;0;280;0.008611898;-0.18194059;-0.16515608
Simulation_lift;0;290;0.007977104;-0.18120512;-0.17470556
Simulation_lift;0;300;0.0080995085;-0.18086413;-0.18060705
Simulation_lift;0;310;0.007727636;-0.18101431;-0.18284763
Simulation_lift;0;320;0.007161571;-0.18165894;-0.1822759
Simulation_lift;0;330;0.0067074182;-0.18272042;-0.1798603
Simulation_lift;0;340;0.006526442;-0.1840798;-0.1762301
Simulation_lift;0;350;0.006254107;-0.1856149;-0.17158592
Simulation_lift;0;360;0.0052944664;-0.18722354;-0.16588031
Simulation_lift;0;370;0.0048826295;-0.18882872;-0.15905246
Simulation_lift;0;380;0.0028403138;-0.1903733;-0.15112999
Simulation_lift;0;390;0.0028163893;-0.19181415;-0.14226387
Simulation_lift;0;400;0.0028550404;-0.19311437;-0.13291131
Simulation_lift;0;410;0.0028694072;-0.19423097;-0.124047734
Simulation_lift;0;420;0.003090437;-0.19510576;-0.11700865
Simulation_lift;0;430;0.0031903675;-0.19566804;-0.11289128
Simulation_lift;0;440;0.003168465;-0.19584897;-0.11164923
Simulation_lift;0;450;0.003261781;-0.19560386;-0.11166428
Simulation_lift;0;460;0.0035069936;-0.19492264;-0.11083756
Simulation_lift;0;470;0.0036470375;-0.19381519;-0.10819259
Simulation_lift;0;480;0.003624987;-0.19229469;-0.10413998
Simulation_lift;0;490;0.0037821995;-0.19038711;-0.099542804
Simulation_lift;0;500;0.0039502764;-0.18816596;-0.09490036
Simulation_lift;0;510;0.003967172;-0.18579215;-0.09017019
Simulation_lift;0;520;0.0041097444;-0.18352763;-0.084948316
Simulation_lift;0;530;0.004189595;-0.18168922;-0.078765884
Simulation_lift;0;540;0.004288822;-0.18055245;-0.07145613
Simulation_lift;0;550;0.0044246875;-0.180276;-0.063404255
Simulation_lift;0;560;0.004337465;-0.18089782;-0.05528297
Simulation_lift;0;570;0.0044022254;-0.18237603;-0.047366448
Simulation_lift;0;580;0.0047366656;-0.18461592;-0.03938007
Simulation_lift;0;590;0.0045402846;-0.1874711;-0.031386554
Simulation_lift;0;600;0.004649437;-0.19076386;-0.024613881
Simulation_lift;0;610;0.0044910777;-0.19434825;-0.020978007
Simulation_lift;0;620;0.004452101;-0.19816466;-0.021757944
Simulation_lift;0;630;0.004150456;-0.20223069;-0.026847722
Simulation_lift;0;640;0.0043438007;-0.20658338;-0.03513814
Simulation_lift;0;0;0.011713447;-0.15862954;0.016744647
Simulation_lift;0;10;0.011690851;-0.15866709;0.014585058
Simulation_lift;0;20;0.01169756;-0.1587241;0.021685988
Simulation_lift;0;30;0.011663616;-0.15883456;0.026681904
Simulation_lift;0;40;0.011298447;-0.1590041;0.030697443
Simulation_lift;0;50;0.011213481;-0.15923008;0.034121018
Simulation_lift;0;60;0.011225188;-0.15950641;0.037071362
Simulation_lift;0;70;0.011384753;-0.15982509;0.03957227
Simulation_lift;0;80;0.011844954;-0.16017666;0.04161617
Simulation_lift;0;90;0.011739227;-0.16055061;0.043187216
Simulation_lift;0;100;0.011493589;-0.16093566;0.044269506
Simulation_lift;0;110;0.011577751;-0.16132009;0.044849698
Simulation_lift;0;120;0.011224382;-0.16169213;0.04491821
Simulation_lift;0;130;0.011026419;-0.16204047;0.044470176
Simulation_lift;0;140;0.011047826;-0.16235483;0.04350569
Simulation_lift;0;150;0.011128994;-0.16262615;0.042029385
Simulation_lift;0;160;0.010829731;-0.16284697;0.04005023
Simulation_lift;0;170;0.01093028;-0.16301164;0.037581727
Simulation_lift;0;180;0.010358509;-0.16311671;0.03464162
Simulation_lift;0;190;0.010864608;-0.16316094;0.03125133
Simulation_lift;0;200;0.01094665;-0.16314529;0.027435906
Simulation_lift;0;210;0.010819088;-0.16307268;0.02322399
Simulation_lift;0;220;0.010603539;-0.16294794;0.01864749
Simulation_lift;0;230;0.010472947;-0.16277783;0.013741256
Simulation_lift;0;240;0.010425668;-0.16257071;0.008542687
Simulation_lift;0;250;0.010503124;-0.16233635;0.003091492
Simulation_lift;0;260;0.010607942;-0.16208537;-0.0025702626
Simulation_lift;0;270;0.010746429;-0.16182879;-0.008398204
Simulation_lift;0;280;0.010957397;-0.16157757;-0.014345764
Simulation_lift;0;0;0.011713447;-0.15862954;0.016744647
Simulation_lift;0;10;0.011802972;-0.15790953;0.12391152
Simulation_lift;0;20;0.011721637;-0.15786286;0.08387934
Simulation_lift;0;30;0.011756017;-0.1584739;0.072835855
Simulation_lift;0;40;0.011451252;-0.15934718;0.07265113
Simulation_lift;0;50;0.011189899;-0.1601816;0.076546155
Simulation_lift;0;60;0.011238035;-0.16085276;0.08205529
Simulation_lift;0;70;0.011481691;-0.16132249;0.08825453
Simulation_lift;0;80;0.011770547;-0.1615873;0.09476121
Simulation_lift;0;90;0.011812412;-0.16165681;0.10138288
Simulation_lift;0;100;0.011824995;-0.16154496;0.10799667
Simulation_lift;0;110;0.011579715;-0.16126686;0.11450808
Simulation_lift;0;120;0.01151111;-0.16083771;0.12083777
Simulation_lift;0;130;0.01122986;-0.16027287;0.12691799
Simulation_lift;0;140;0.011389804;-0.15958796;0.13269114
Simulation_lift;0;150;0.011514461;-0.15879883;0.13810878
Simulation_lift;0;160;0.011404407;-0.15792142;0.1431311
Simulation_lift;0;170;0.010902131;-0.15697172;0.14772703
Simulation_lift;0;180;0.010721401;-0.15596569;0.15187351
Simulation_lift;0;190;0.010782469;-0.15491903;0.1555548
Simulation_lift;0;200;0.011100457;-0.15384692;0.15876216
Simulation_lift;0;210;0.011291576;-0.15276341;0.16149376
Simulation_lift;0;220;0.011070609;-0.15168107;0.16375417
Simulation_lift;0;230;0.010948738;-0.15061103;0.16555311
Simulation_lift;0;240;0.010814984;-0.1495639;0.16690738
Simulation_lift;0;250;0.010981436;-0.1485512;0.16784567
Simulation_lift;0;260;0.011488476;-0.14758456;0.16840379
Simulation_lift;0;270;0.011892763;-0.14667223;0.1686121
Simulation_lift;0;280;0.011826447;-0.14581695;0.1684966
Simulation_lift;0;290;0.011735819;-0.1450178;0.16809082
Simulation_lift;0;300;0.011785617;-0.14427371;0.16743779
Simulation_lift;0;310;0.012144323;-0.14358555;0.16658214
Simulation_lift;0;320;0.012190243;-0.14295572;0.16556476
Simulation_lift;0;330;0.012472075;-0.14238708;0.16442233
Simulation_lift;0;340;0.012662911;-0.14188181;0.16318819
Simulation_lift;0;350;0.012845989;-0.14144118;0.16189316
Simulation_lift;0;360;0.012922298;-0.14106545;0.16056645
Simulation_lift;0;370;0.01284797;-0.14075378;0.15923578
Simulation_lift;0;380;0.013156816;-0.14050443;0.15792666
Simulation_lift;0;390;0.013194171;-0.14031501;0.15666246
Simulation_lift;0;400;0.013379984;-0.14018247;0.15546495
Simulation_lift;0;410;0.0140176015;-0.14010325;0.15435383
Simulation_lift;0;420;0.014041382;-0.14007333;0.15334652
Simulation_lift;0;430;0.014090151;-0.14008833;0.15245818
Simulation_lift;0;440;0.014028212;-0.14014366;0.15170157
Simulation_lift;0;450;0.014136779;-0.14023449;0.15108687
Simulation_lift;0;460;0.014375352;-0.1403559;0.15062194
Simulation_lift;0;470;0.014689269;-0.140503;0.15031242
Simulation_lift;0;480;0.014659878;-0.140671;0.15016176
Simulation_lift;0;490;0.014827597;-0.14085533;0.15017137
Simulation_lift;0;500;0.014739929;-0.14105153;0.15034083
Simulation_lift;0;510;0.014623387;-0.14125548;0.15066758
Simulation_lift;0;520;0.0144556435;-0.14146326;0.15114708
Simulation_lift;0;530;0.014525347;-0.14167133;0.15177292
Simulation_lift;0;540;0.014453082;-0.14187647;0.15253708
Simulation_lift;0;550;0.014591551;-0.14207585;0.15343031
Simulation_lift;0;560;0.014488713;-0.14226696;0.15444188
Simulation_lift;0;570;0.014121827;-0.14244762;0.1555596
Simulation_lift;0;580;0.013698618;-0.14261596;0.15677035
Simulation_lift;0;590;0.013740546;-0.14277035;0.1580605
Simulation_lift;0;600;0.014280998;-0.14290936;0.15941551
Simulation_lift;0;610;0.014349489;-0.14303178;0.16081989
Simulation_lift;0;620;0.014802622;-0.14313658;0.16225778
Simulation_lift;0;630;0.014649328;-0.14322291;0.16371338
Simulation_lift;0;640;0.014330271;-0.1432901;0.1651709
Simulation_lift;0;650;0.014947396;-0.14333758;0.16661423
Simulation_lift;0;660;0.0150365215;-0.14336482;0.16802758
Simulation_lift;0;670;0.014909858;-0.14337142;0.1693958
Simulation_lift;0;680;0.014888927;-0.14335698;0.17070419
Simulation_lift;0;690;0.015070881;-0.14332126;0.17193864
Simulation_lift;0;0;0.011713447;-0.15862954;0.016744647
Simulation_lift;0;10;0.01170286;-0.15860088;0.025930962
Simulation_lift;0;20;0.011802094;-0.15866995;0.02749396
Simulation_lift;0;30;0.011699304;-0.15880504;0.0306659
Simulation_lift;0;40;0.01129331;-0.15899375;0.034271408
Simulation_lift;0;50;0.011208344;-0.15922725;0.03785629
Simulation_lift;0;60;0.011210026;-0.15949711;0.041232873
Simulation_lift;0;70;0.011371698;-0.15979424;0.044310547
Simulation_lift;0;80;0.0118391635;-0.1601088;0.047035594
Simulation_lift;0;90;0.011778055;-0.1604304;0.049370207
Simulation_lift;0;100;0.011530626;-0.16074829;0.051285278
Simulation_lift;0;110;0.0115554305;-0.1610517;0.052757617
Simulation_lift;0;120;0.011205911;-0.16133024;0.05376938
Simulation_lift;0;130;0.011023825;-0.16157424;0.05430847
Simulation_lift;0;140;0.011137182;-0.16177529;0.054368585
Simulation_lift;0;150;0.011154334;-0.16192643;0.053948704
Simulation_lift;0;160;0.0109182475;-0.1620223;0.053052846
Simulation_lift;0;170;0.011013786;-0.16205928;0.051690236
Simulation_lift;0;180;0.010385193;-0.16203585;0.049874946
Simulation_lift;0;190;0.010864314;-0.16195256;0.04762528
Simulation_lift;0;200;0.010686846;-0.16181195;0.04496364
Simulation_lift;0;210;0.011065741;-0.16161834;0.04191639
Simulation_lift;0;220;0.01066147;-0.16137779;0.038513504
Simulation_lift;0;230;0.010528452;-0.16109805;0.03478811
Simulation_lift;0;240;0.0104224505;-0.16078839;0.030776015
Simulation_lift;0;250;0.010538291;-0.1604593;0.026515404
Simulation_lift;0;260;0.010660855;-0.16012208;0.022046855
Simulation_lift;0;270;0.010914631;-0.15978839;0.017413165
Simulation_lift;0;280;0.010882457;-0.15946971;0.01265898
Simulation_lift;0;290;0.010935811;-0.15917727;0.007830447
Simulation_lift;0;300;0.011578934;-0.15892152;0.0029744809
Simulation_lift;0;310;0.011139244;-0.15871191;-0.0018620377
Simulation_lift;0;320;0.01104234;-0.15855637;-0.0066321916
Simulation_lift;0;330;0.011229291;-0.15846111;-0.011289003
Simulation_lift;0;340;0.010893864;-0.15843037;-0.01578636
Simulation_lift;0;350;0.011512212;-0.15846631;-0.020079426
Simulation_lift;0;360;0.011402295;-0.15856877;-0.024124619
Simulation_lift;0;370;0.011694425;-0.15873516;-0.027880829
Simulation_lift;0;380;0.011407632;-0.15896063;-0.031310603
Simulation_lift;0;390;0.010970012;-0.15923826;-0.03437968
Simulation_lift;0;400;0.011012575;-0.15955923;-0.037056863
Simulation_lift;0;410;0.011040657;-0.15991305;-0.039314896
Simulation_lift;0;420;0.011506744;-0.16028802;-0.041130964
Simulation_lift;0;430;0.011707169;-0.16067167;-0.04248677
Simulation_lift;0;440;0.010878755;-0.1610512;-0.043368828
Simulation_lift;0;450;0.010873965;-0.16141395;-0.04376864
Simulation_lift;0;460;0.010805091;-0.16174802;-0.043682437
Simulation_lift;0;470;0.010824838;-0.16204263;-0.043110974
Simulation_lift;0;480;0.010530087;-0.16228859;-0.042059477
Simulation_lift;0;490;0.010849304;-0.16247857;-0.040537387
Simulation_lift;0;500;0.011082219;-0.16260721;-0.038558353
Simulation_lift;0;510;0.010536805;-0.16267148;-0.03614023
Simulation_lift;0;520;0.010607878;-0.16267075;-0.03330474
Simulation_lift;0;530;0.010796046;-0.16260701;-0.03007711
Simulation_lift;0;540;0.010481949;-0.16248456;-0.026485763
Simulation_lift;0;550;0.010419729;-0.16230966;-0.02256212
Simulation_lift;0;560;0.010615372;-0.1620904;-0.01834043
Simulation_lift;0;570;0.010785432;-0.16183639;-0.013857512
Simulation_lift;0;580;0.010749893;-0.1615584;-0.009152295
Simulation_lift;0;590;0.0107903965;-0.16126816;-0.00426535
Simulation_lift;0;600;0.010953944;-0.16097772;0.0007611304
Simulation_lift;0;610;0.011192972;-0.1606991;0.005883313
Simulation_lift;0;620;0.01119381;-0.16044384;0.0110563245
Simulation_lift;0;630;0.011583609;-0.16022265;0.01623484
Simulation_lift;0;640;0.011583512;-0.16004504;0.021373207
Simulation_lift;0;650;0.011645812;-0.15991916;0.026425745
Simulation_lift;0;660;0.01169785;-0.1598515;0.031347368
Simulation_lift;0;670;0.011689205;-0.15984663;0.036093604
Simulation_lift;0;680;0.011625277;-0.1599067;0.040620107
Simulation_lift;0;690;0.011134466;-0.16003141;0.044883434
Simulation_lift;0;0;0.011713447;-0.15862954;0.016744647
Simulation_lift;0;10;0.011484949;-0.15663002;0.26368257
Simulation_lift;0;20;0.011743709;-0.15905975;0.15739407
Simulation_lift;0;30;0.011847341;-0.16550913;0.10146964
Simulation_lift;0;40;0.011488635;-0.17154956;0.09593402
Simulation_lift;0;50;0.011572966;-0.17574553;0.11043931
Simulation_lift;0;60;0.011622931;-0.17875965;0.120084904
Simulation_lift;0;70;0.011697466;-0.18092367;0.12904008
Simulation_lift;0;80;0.012082259;-0.18234019;0.13999152
Simulation_lift;0;90;0.012054904;-0.18312833;0.15181883
Simulation_lift;0;100;0.012265422;-0.18340954;0.16342326
Simulation_lift;0;110;0.011978615;-0.1832616;0.17448477
Simulation_lift;0;120;0.011852196;-0.18272866;0.18484469
Simulation_lift;0;130;0.012232863;-0.18183844;0.19431509
Simulation_lift;0;140;0.011787398;-0.18060932;0.20281343
Simulation_lift;0;150;0.012126784;-0.17905605;0.21043707
Simulation_lift;0;0;0.011713447;-0.15862954;0.016744647
Simulation_lift;0;10;0.011805841;-0.1582013;0.08473222
Simulation_lift;0;20;0.011700852;-0.15820579;0.05924235
Simulation_lift;0;0;0.011713447;-0.15862954;0.016744647
Simulation_lift;0;10;0.011639425;-0.15876286;-0.0032084372
Simulation_lift;0;20;0.011665803;-0.1587808;0.0123366425
Simulation_lift;0;30;0.011683523;-0.15884876;0.019898523
Simulation_lift;0;40;0.011287006;-0.15899763;0.024313351
Simulation_lift;0;50;0.011241038;-0.15922326;0.027292699
Simulation_lift;0;60;0.011218787;-0.1595171;0.02942674
Simulation_lift;0;70;0.011298302;-0.1598711;0.030912533
Simulation_lift;0;80;0.011818705;-0.16027696;0.031811897
Simulation_lift;0;90;0.011708908;-0.16072534;0.032141585
Simulation_lift;0;100;0.011338929;-0.16120557;0.031904932
Simulation_lift;0;0;0.011713447;-0.15862954;0.016744647
Simulation_lift;0;10;0.011691417;-0.15928338;-0.18531717
Simulation_lift;0;20;0.011865176;-0.1596435;-0.088222295
Simulation_lift;0;30;0.011423666;-0.16274258;-0.054672293
Simulation_lift;0;40;0.011323715;-0.16684993;-0.04283288
Simulation_lift;0;50;0.011524361;-0.17094739;-0.039338116
Simulation_lift;0;60;0.011366397;-0.17482756;-0.03972312
Simulation_lift;0;70;0.011234624;-0.1785406;-0.042384453
Simulation_lift;0;80;0.0113093555;-0.18215814;-0.04670754
Simulation_lift;0;90;0.01179576;-0.1857253;-0.052420113
Simulation_lift;0;100;0.011647605;-0.18925002;-0.059362993
Simulation_lift;0;110;0.010720537;-0.19270593;-0.0674113
Simulation_lift;0;120;0.010941731;-0.1960406;-0.07644903
Simulation_lift;0;130;0.011057032;-0.19918431;-0.08635943
Simulation_lift;0;140;0.011466527;-0.20206077;-0.09702284
Simulation_lift;0;150;0.011198905;-0.204596;-0.10831779
Simulation_lift;0;160;0.011133881;-0.2067268;-0.12012304
Simulation_lift;0;170;0.010999709;-0.20840752;-0.13232191
Simulation_lift;0;180;0.011035734;-0.20961498;-0.14480503
Simulation_lift;0;190;0.011148454;-0.21035089;-0.15747511
Simulation_lift;0;200;0.010818005;-0.21064171;-0.17024909
Simulation_lift;0;210;0.010982969;-0.21053657;-0.18305753
Simulation_lift;0;220;0.010878434;-0.21010423;-0.19584122
Simulation_lift;0;230;0.010802872;-0.20943126;-0.2085421
Simulation_lift;0;240;0.010804468;-0.20862363;-0.22109354
Simulation_lift;0;250;0.01049124;-0.2077965;-0.23341177
Simulation_lift;0;260;0.010385191;-0.20704277;-0.24539833
Simulation_lift;0;0;0.011713447;-0.15862954;0.016744647
Simulation_lift;0;10;0.011682559;-0.1592773;-0.18146968
Simulation_lift;0;20;0.011815339;-0.15940447;-0.10628155
Simulation_lift;0;30;0.011454734;-0.16235358;-0.07892834
Simulation_lift;0;40;0.0115722185;-0.16713911;-0.060402952
Simulation_lift;0;50;0.01156256;-0.17244376;-0.051901747
Simulation_lift;0;0;0.011713447;-0.15862954;0.016744647
Simulation_lift;0;10;0.0116886925;-0.15864207;0.019539822
Simulation_lift;0;20;0.01179308;-0.15869838;0.025493735
Simulation_lift;0;30;0.011690857;-0.15881126;0.030344743
Simulation_lift;0;40;0.011272195;-0.15898024;0.034598585
Simulation_lift;0;50;0.011213481;-0.1592003;0.038418908
Simulation_lift;0;60;0.011215163;-0.15946376;0.041844487
Simulation_lift;0;70;0.011393236;-0.15976097;0.04487122
Simulation_lift;0;80;0.011879509;-0.16008087;0.047482252
Simulation_lift;0;90;0.0117919175;-0.16041142;0.049658954
Simulation_lift;0;100;0.011500184;-0.16074014;0.051384885
Simulation_lift;0;110;0.011533627;-0.16105448;0.052646816
Simulation_lift;0;120;0.011201191;-0.16134228;0.053435266
Simulation_lift;0;130;0.011049345;-0.16159247;0.05374513
Simulation_lift;0;140;0.011118656;-0.1617955;0.053575724
Simulation_lift;0;150;0.011123376;-0.16194372;0.052930303
Simulation_lift;0;160;0.010919049;-0.1620316;0.051815838
Simulation_lift;0;170;0.011027942;-0.16205595;0.05024323
Simulation_lift;0;180;0.010418047;-0.16201608;0.04822699
Simulation_lift;0;190;0.010918161;-0.16191389;0.045784745
Simulation_lift;0;200;0.010744474;-0.1617536;0.04293724
Simulation_lift;0;210;0.011098711;-0.16154137;0.03970836
Simulation_lift;0;220;0.01063375;-0.16128522;0.036124855
Simulation_lift;0;230;0.010513117;-0.16099477;0.032216065
Simulation_lift;0;240;0.010415366;-0.16068089;0.028013604
Simulation_lift;0;250;0.010527273;-0.16035534;0.023551218
Simulation_lift;0;260;0.010665485;-0.1600302;0.018864887
Simulation_lift;0;270;0.010908906;-0.15971729;0.013992782
Simulation_lift;0;280;0.0108822705;-0.15942776;0.008975155
Simulation_lift;0;290;0.010907462;-0.15917177;0.0038543295
Simulation_lift;0;300;0.011454513;-0.15895823;-0.0013258648
Simulation_lift;0;310;0.010972031;-0.15879445;-0.006520935
Simulation_lift;0;320;0.010991348;-0.15868588;-0.011685718
Simulation_lift;0;330;0.010978912;-0.15863588;-0.01677437
Simulation_lift;0;340;0.01114514;-0.15864578;-0.021741277
Simulation_lift;0;350;0.011522017;-0.15871474;-0.026541453
Simulation_lift;0;360;0.0113429045;-0.15883972;-0.031130545
Simulation_lift;0;370;0.011754507;-0.15901549;-0.035466164
Simulation_lift;0;380;0.011414718;-0.159235;-0.039509088
Simulation_lift;0;390;0.010936611;-0.15948953;-0.043222856
Simulation_lift;0;400;0.011065216;-0.15976898;-0.04657369
Simulation_lift;0;410;0.011039761;-0.16006228;-0.04953149
Simulation_lift;0;420;0.011571867;-0.1603577;-0.05207039
Simulation_lift;0;430;0.011526818;-0.16064343;-0.054168914
Simulation_lift;0;440;0.01072009;-0.16090795;-0.055810284
Simulation_lift;0;450;0.010985133;-0.1611405;-0.05698266
Simulation_lift;0;460;0.011014631;-0.16133155;-0.057678863
Simulation_lift;0;470;0.010639643;-0.16147321;-0.05789622
Simulation_lift;0;480;0.010847328;-0.16155948;-0.05763646
Simulation_lift;0;490;0.010715037;-0.16158636;-0.05690546
Simulation_lift;0;500;0.01100656;-0.16155201;-0.05571317
Simulation_lift;0;510;0.010464093;-0.16145681;-0.054073542
Simulation_lift;0;520;0.010578866;-0.16130342;-0.05200412
Simulation_lift;0;530;0.01026755;-0.16109681;-0.049525667
Simulation_lift;0;540;0.010433199;-0.16084383;-0.046661902
Simulation_lift;0;550;0.010586621;-0.1605528;-0.04343926
Simulation_lift;0;560;0.010428055;-0.16023323;-0.03988682
Simulation_lift;0;570;0.010592812;-0.15989555;-0.036036164
Simulation_lift;0;580;0.010880113;-0.15955074;-0.031921048
Simulation_lift;0;590;0.010885295;-0.15920994;-0.027576972
Simulation_lift;0;600;0.011003949;-0.15888403;-0.023041295
Simulation_lift;0;610;0.011146403;-0.15858325;-0.018353412
Simulation_lift;0;620;0.01126706;-0.15831679;-0.0135542145
Simulation_lift;0;630;0.011677234;-0.15809263;-0.008685511
Simulation_lift;0;640;0.011726723;-0.15791729;-0.0037898256
Simulation_lift;0;650;0.011661908;-0.15779571;0.0010899294
Simulation_lift;0;660;0.011713184;-0.15773124;0.0059110248
Simulation_lift;0;670;0.011750636;-0.15772536;0.010630956
Simulation_lift;0;680;0.011728002;-0.15777744;0.015207229
Simulation_lift;0;690;0.01172867;-0.15788491;0.01959832
Simulation_lift;0;0;0.011713447;-0.15862954;0.016744647
Simulation_lift;0;10;0.011651641;-0.15838093;0.065248735
Simulation_lift;0;20;0.011730315;-0.15835534;0.058405846
Simulation_lift;0;30;0.011723483;-0.15845203;0.059688732
Simulation_lift;0;40;0.011361586;-0.15863898;0.06373504
Simulation_lift;0;50;0.011114354;-0.1588764;0.06860529
Simulation_lift;0;60;0.011221016;-0.15912886;0.07359655
Simulation_lift;0;70;0.011382392;-0.15936655;0.078442186
Simulation_lift;0;80;0.011667608;-0.15956356;0.08302817
Simulation_lift;0;90;0.011777393;-0.1596972;0.08729243
Simulation_lift;0;100;0.011539704;-0.1597481;0.09118885
Simulation_lift;0;110;0.01143448;-0.15970095;0.09467636
Simulation_lift;0;120;0.011452185;-0.15954535;0.09772208
Simulation_lift;0;130;0.011037074;-0.15927643;0.100312114
Simulation_lift;0;140;0.011165057;-0.15889496;0.10246053
Simulation_lift;0;150;0.011169062;-0.15840706;0.104205
Simulation_lift;0;160;0.0111245895;-0.15782395;0.10558337
Simulation_lift;0;170;0.010828772;-0.15716186;0.10660139
Simulation_lift;0;180;0.010668694;-0.15644212;0.10721359
Simulation_lift;0;190;0.010602328;-0.15569061;0.10733414
Simulation_lift;0;200;0.010768688;-0.15493615;0.10687172
Simulation_lift;0;210;0.010986468;-0.15420814;0.10576588
Simulation_lift;0;220;0.0110055655;-0.15353431;0.10400686
Simulation_lift;0;230;0.010849923;-0.15293883;0.10163574
Simulation_lift;0;240;0.010423227;-0.15244101;0.098730415
Simulation_lift;0;250;0.010437689;-0.15205461;0.09538398
Simulation_lift;0;260;0.011059739;-0.1517877;0.091681875
Simulation_lift;0;270;0.011335875;-0.15164292;0.087683596
Simulation_lift;0;280;0.011244145;-0.15161858;0.08341479
Simulation_lift;0;290;0.01124683;-0.15171;0.07887167
Simulation_lift;0;300;0.011302947;-0.1519106;0.07403356
Simulation_lift;0;310;0.011646412;-0.15221204;0.06887768
Simulation_lift;0;320;0.011659906;-0.15260385;0.063391365
Simulation_lift;0;330;0.011816719;-0.15307292;0.057578724
Simulation_lift;0;340;0.012155228;-0.15360345;0.051461194
Simulation_lift;0;350;0.012236509;-0.15417726;0.045075078
Simulation_lift;0;360;0.012128915;-0.15477435;0.038468227
Simulation_lift;0;370;0.0123449005;-0.15537368;0.031695776
Simulation_lift;0;380;0.012268001;-0.15595418;0.024816243
Simulation_lift;0;390;0.012180729;-0.15649587;0.017889604
Simulation_lift;0;400;0.012444755;-0.15698053;0.010975892
Simulation_lift;0;410;0.01269578;-0.15739246;0.0041332515
Simulation_lift;0;420;0.013003001;-0.15771905;-0.0025835398
Simulation_lift;0;430;0.013030223;-0.1579512;-0.009124005
Simulation_lift;0;440;0.013318866;-0.15808353;-0.015443059
Simulation_lift;0;450;0.013308541;-0.15811434;-0.021502025
Simulation_lift;0;460;0.013401624;-0.15804552;-0.027269058
Simulation_lift;0;470;0.013516184;-0.1578823;-0.03271944
Simulation_lift;0;480;0.013649584;-0.15763293;-0.037835658
Simulation_lift;0;490;0.013824097;-0.15730806;-0.042606693
Simulation_lift;0;500;0.013680509;-0.1569202;-0.047027037
Simulation_lift;0;510;0.013765336;-0.15648307;-0.051095404
Simulation_lift;0;520;0.013214133;-0.15601102;-0.054813087
Simulation_lift;0;530;0.013039614;-0.15551837;-0.05818219
Simulation_lift;0;540;0.01333721;-0.15501903;-0.061203826
Simulation_lift;0;550;0.013532418;-0.15452601;-0.063876785
Simulation_lift;0;560;0.014153933;-0.15405108;-0.06619731
Simulation_lift;0;570;0.013872424;-0.1536045;-0.0681593
Simulation_lift;0;580;0.0141231585;-0.15319477;-0.069754764
Simulation_lift;0;590;0.013654382;-0.15282862;-0.07097523
Simulation_lift;0;600;0.013458812;-0.15251085;-0.07181375
Simulation_lift;0;610;0.013301556;-0.15224442;-0.072266296
Simulation_lift;0;620;0.013215368;-0.1520304;-0.07233216
Simulation_lift;0;630;0.013483834;-0.15186809;-0.07201391
Simulation_lift;0;640;0.013225062;-0.15175521;-0.07131762
Simulation_lift;0;650;0.013997768;-0.15168814;-0.070253
Simulation_lift;0;660;0.013970979;-0.15166213;-0.06883278
Simulation_lift;0;670;0.0136829605;-0.15167157;-0.06707193
Simulation_lift;0;680;0.01367765;-0.1517104;-0.064987384
Simulation_lift;0;690;0.013833123;-0.15177236;-0.06259749
Simulation_lift;0;0;0.011713447;-0.15862954;0.016744647
Simulation_lift;0;10;0.011690851;-0.15866329;0.015781295
Simulation_lift;0;20;0.01169756;-0.15871528;0.023557253
Simulation_lift;0;30;0.011693283;-0.15882014;0.029148068
Simulation_lift;0;40;0.011290704;-0.15898268;0.03374893
Simulation_lift;0;50;0.0112319905;-0.15919904;0.037771992
Simulation_lift;0;60;0.011222457;-0.15946177;0.041344613
Simulation_lift;0;70;0.011373503;-0.15976119;0.044494897
Simulation_lift;0;80;0.011844954;-0.16008596;0.047218725
Simulation_lift;0;90;0.01173656;-0.16042346;0.049503736
Simulation_lift;0;100;0.011457084;-0.16076034;0.051337793
Simulation_lift;0;110;0.011535835;-0.16108283;0.052711427
Simulation_lift;0;120;0.011205848;-0.16137744;0.053618785
Simulation_lift;0;130;0.0110511165;-0.16163151;0.054058306
Simulation_lift;0;140;0.011098019;-0.16183393;0.054032676
Simulation_lift;0;150;0.011142996;-0.16197553;0.0535483
Simulation_lift;0;160;0.010904895;-0.16204947;0.05261505
Simulation_lift;0;170;0.011021198;-0.16205156;0.05124638
Simulation_lift;0;180;0.010416175;-0.16198048;0.049459018
Simulation_lift;0;190;0.010965145;-0.16183798;0.047272414
Simulation_lift;0;200;0.010772619;-0.1616286;0.044708718
Simulation_lift;0;210;0.011067137;-0.1613594;0.041792784
Simulation_lift;0;220;0.010658648;-0.1610397;0.038551874
Simulation_lift;0;230;0.010498683;-0.16068086;0.035015345
Simulation_lift;0;240;0.010411752;-0.16029593;0.03121433
Simulation_lift;0;250;0.010503464;-0.15989906;0.027181624
Simulation_lift;0;260;0.010664554;-0.15950485;0.022951795
Simulation_lift;0;270;0.010792518;-0.15912774;0.018561212
Simulation_lift;0;280;0.0109158335;-0.15878138;0.014048024
Simulation_lift;0;290;0.010912868;-0.15847823;0.0094522005
Simulation_lift;0;300;0.011014457;-0.1582292;0.0048150187
Simulation_lift;0;310;0.011098866;-0.15804322;0.00017827103
Simulation_lift;0;320;0.011005346;-0.15792687;-0.0044157254
Simulation_lift;0;330;0.0106508145;-0.15788415;-0.008924149
Simulation_lift;0;340;0.0111119505;-0.1579164;-0.013304602
Simulation_lift;0;350;0.011340129;-0.15802228;-0.0175155
Simulation_lift;0;360;0.011254539;-0.15819776;-0.021516062
Simulation_lift;0;370;0.011711508;-0.15843605;-0.025267635
Simulation_lift;0;380;0.0112210065;-0.1587281;-0.028734853
Simulation_lift;0;390;0.010848013;-0.15906286;-0.031885207
Simulation_lift;0;400;0.011006657;-0.1594277;-0.034688953
Simulation_lift;0;410;0.011016376;-0.15980877;-0.037120067
Simulation_lift;0;420;0.011701533;-0.16019161;-0.03915673
Simulation_lift;0;430;0.011296906;-0.16056173;-0.040781397
Simulation_lift;0;440;0.010927742;-0.16090512;-0.041980997
Simulation_lift;0;450;0.010902436;-0.1612089;-0.042747095
Simulation_lift;0;460;0.0109713115;-0.16146177;-0.043075595
Simulation_lift;0;470;0.010347164;-0.16165452;-0.042966478
Simulation_lift;0;480;0.010558578;-0.16178037;-0.04242373
Simulation_lift;0;490;0.010838184;-0.16183506;-0.04145503
Simulation_lift;0;500;0.01059131;-0.161817;-0.040071696
Simulation_lift;0;510;0.0104105165;-0.16172734;-0.038288563
Simulation_lift;0;520;0.0103877075;-0.16157007;-0.036123592
Simulation_lift;0;530;0.010308488;-0.16135192;-0.033597574
Simulation_lift;0;540;0.010497373;-0.16108178;-0.030734044
Simulation_lift;0;550;0.010436229;-0.16077028;-0.027559014
Simulation_lift;0;560;0.010396672;-0.16042952;-0.024100918
Simulation_lift;0;570;0.01051951;-0.16007258;-0.02039073
Simulation_lift;0;580;0.010774101;-0.15971306;-0.016461724
Simulation_lift;0;590;0.010784558;-0.15936458;-0.0123490095
Simulation_lift;0;600;0.010981752;-0.1590403;-0.008089686
Simulation_lift;0;610;0.01094556;-0.1587523;-0.003723032
Simulation_lift;0;620;0.011013191;-0.15851128;0.00070999935
Simulation_lift;0;630;0.011158625;-0.15832606;0.0051674014
Simulation_lift;0;640;0.011485031;-0.15820347;0.009606542
Simulation_lift;0;650;0.011642061;-0.1581481;0.013984637
Simulation_lift;0;660;0.011709792;-0.15816224;0.018259216
Simulation_lift;0;670;0.011364945;-0.15824552;0.022388184
Simulation_lift;0;680;0.011247583;-0.15839474;0.026330054
Simulation_lift;0;690;0.01118335;-0.15860419;0.030045202
Simulation_lift;0;0;0.011713447;-0.15862954;0.016744647
Simulation_lift;0;10;0.011806627;-0.15799476;0.11116255
Simulation_lift;0;20;0.011722386;-0.1579702;0.07442099
Simulation_lift;0;30;0.011767615;-0.15845402;0.06481075
Simulation_lift;0;40;0.011365631;-0.15912922;0.06499982
Simulation_lift;0;50;0.011170281;-0.1597609;0.06877654
Simulation_lift;0;60;0.011219037;-0.16025245;0.07389857
Simulation_lift;0;70;0.011357423;-0.1605752;0.079520434
Simulation_lift;0;80;0.011613975;-0.1607279;0.08529261
Simulation_lift;0;90;0.011847928;-0.16071935;0.091043875
Simulation_lift;0;100;0.011799732;-0.1605615;0.09666917
Simulation_lift;0;110;0.011480117;-0.16026716;0.102090165
Simulation_lift;0;120;0.011480551;-0.15984933;0.107242234
Simulation_lift;0;130;0.0110769;-0.15932143;0.11207079
Simulation_lift;0;140;0.011395784;-0.1586974;0.11653011
Simulation_lift;0;150;0.011540807;-0.15799166;0.120582424
Simulation_lift;0;160;0.011304765;-0.1572189;0.124197476
Simulation_lift;0;170;0.010913646;-0.15639386;0.1273526
Simulation_lift;0;180;0.010746761;-0.15553123;0.13003217
Simulation_lift;0;190;0.010733023;-0.1546454;0.13222685
Simulation_lift;0;200;0.011039786;-0.15375012;0.13393341
Simulation_lift;0;210;0.011207451;-0.15285793;0.1351548
Simulation_lift;0;220;0.011012964;-0.15197988;0.13589998
Simulation_lift;0;230;0.010814808;-0.15112543;0.13618346
Simulation_lift;0;240;0.010436271;-0.15030274;0.13602476
Simulation_lift;0;250;0.010589522;-0.14951934;0.13544787
Simulation_lift;0;260;0.011310098;-0.14878222;0.1344813
Simulation_lift;0;270;0.011670631;-0.14809665;0.13315849
Simulation_lift;0;280;0.011669649;-0.147465;0.13151796
Simulation_lift;0;290;0.011520139;-0.14688736;0.12960206
Simulation_lift;0;300;0.011370806;-0.14636303;0.12745441
Simulation_lift;0;310;0.011699354;-0.14589168;0.1251174
Simulation_lift;0;320;0.012022794;-0.14547348;0.12263152
Simulation_lift;0;330;0.012399659;-0.14510866;0.12003582
Simulation_lift;0;340;0.012258399;-0.14479712;0.11736788
Simulation_lift;0;350;0.01264201;-0.1445384;0.11466355
Simulation_lift;0;360;0.012658739;-0.14433144;0.111957476
Simulation_lift;0;370;0.012613494;-0.14417464;0.10928284
Simulation_lift;0;380;0.012986925;-0.14406586;0.10667052
Simulation_lift;0;390;0.013015062;-0.14400265;0.104149304
Simulation_lift;0;400;0.013313756;-0.14398223;0.10174633
Simulation_lift;0;410;0.013359589;-0.14400148;0.099486776
Simulation_lift;0;420;0.013713075;-0.14405702;0.09739337
Simulation_lift;0;430;0.013474113;-0.14414528;0.09548638
Simulation_lift;0;440;0.013342523;-0.14426252;0.09378339
Simulation_lift;0;450;0.0137515785;-0.14440486;0.09229915
Simulation_lift;0;460;0.013986563;-0.14456832;0.09104568
Simulation_lift;0;470;0.013829795;-0.14474899;0.09003252
Simulation_lift;0;480;0.013926006;-0.14494292;0.08926661
Simulation_lift;0;490;0.014466238;-0.14514637;0.088752545
Simulation_lift;0;500;0.014161485;-0.1453557;0.08849254
Simulation_lift;0;510;0.0139602795;-0.14556745;0.08848634
Simulation_lift;0;520;0.014495929;-0.14577834;0.08873118
Simulation_lift;0;530;0.01376266;-0.14598535;0.08922185
Simulation_lift;0;540;0.014146699;-0.14618577;0.089951076
Simulation_lift;0;550;0.013601106;-0.14637722;0.09090975
Simulation_lift;0;560;0.013697432;-0.14655763;0.09208673
Simulation_lift;0;570;0.013997991;-0.14672527;0.093468845
Simulation_lift;0;580;0.014088457;-0.14687869;0.095041424
Simulation_lift;0;590;0.014088457;-0.1470167;0.09678875
Simulation_lift;0;600;0.014070551;-0.14713845;0.09869372
Simulation_lift;0;610;0.013675987;-0.14724323;0.1007377
Simulation_lift;0;620;0.01388715;-0.14733066;0.10290106
Simulation_lift;0;630;0.013736478;-0.1474005;0.10516375
Simulation_lift;0;640;0.013736478;-0.14745279;0.1075052
Simulation_lift;0;650;0.013831713;-0.14748761;0.10990404
Simulation_lift;0;660;0.014005925;-0.14750522;0.1123386
Simulation_lift;0;670;0.013791113;-0.14750585;0.11478741
Simulation_lift;0;680;0.01399769;-0.14748985;0.117229
Simulation_lift;0;690;0.014039748;-0.14745758;0.11964211
Simulation_lift;0;0;0.011713447;-0.15862954;0.016744647
Simulation_lift;0;10;0.01170286;-0.15859154;0.027995652
Simulation_lift;0;20;0.011802094;-0.15865548;0.029601676
Simulation_lift;0;30;0.011699304;-0.15878654;0.032922696
Simulation_lift;0;40;0.011278216;-0.15897112;0.036709756
Simulation_lift;0;50;0.011208344;-0.15919907;0.040481463
Simulation_lift;0;60;0.011210026;-0.15946063;0.044042535
Simulation_lift;0;70;0.011371698;-0.15974544;0.04730167
Simulation_lift;0;80;0.011838595;-0.16004246;0.050206866
Simulation_lift;0;90;0.011775061;-0.16034031;0.05272291
Simulation_lift;0;100;0.011523329;-0.16062754;0.054823525
Simulation_lift;0;110;0.0115508605;-0.16089304;0.056488253
Simulation_lift;0;120;0.011203918;-0.16112632;0.057701603
Simulation_lift;0;130;0.011035683;-0.16131817;0.058453247
Simulation_lift;0;140;0.011172069;-0.16146097;0.058737934
Simulation_lift;0;150;0.011164873;-0.16154891;0.058554936
Simulation_lift;0;160;0.010963109;-0.16157815;0.05790784
Simulation_lift;0;170;0.011035229;-0.1615469;0.05680468
Simulation_lift;0;180;0.010381251;-0.16145557;0.05525765
Simulation_lift;0;190;0.010895298;-0.16130672;0.053282544
Simulation_lift;0;200;0.010728803;-0.16110487;0.050898723
Simulation_lift;0;210;0.011087502;-0.16085611;0.04812911
Simulation_lift;0;220;0.010645671;-0.16056804;0.044999897
Simulation_lift;0;230;0.010620283;-0.16024955;0.041540198
Simulation_lift;0;240;0.0104476465;-0.15991062;0.03778167
Simulation_lift;0;250;0.01048981;-0.15956196;0.033758413
Simulation_lift;0;260;0.010664554;-0.15921465;0.02950715
Simulation_lift;0;0;0.011713447;-0.15862954;0.016744647
Simulation_lift;0;10;0.0116886925;-0.15863523;0.020571044
Simulation_lift;0;20;0.01179308;-0.1586944;0.025720326
Simulation_lift;0;30;0.011690857;-0.15881139;0.030269004
Simulation_lift;0;40;0.011296022;-0.15898378;0.03441121
Simulation_lift;0;50;0.011213481;-0.15920617;0.03819476
