Episode;AvgDrag;AvgLift;AvgRecircArea
1;-0.1604471653699875;-0.023734357208013535;0.01071926485747099
2;-0.16549946479591324;-0.0013892354356748995;0.009438799435019862
3;-0.1560781404559995;0.01157914911034845;0.013215907998383045
4;-0.15833356222252787;0.01340820268964622;0.011883291946149167
5;-0.16346953142572332;0.006604191236856647;0.009820836809590274
6;-0.1585589635298576;0.011266289163014323;0.011739512939971906
7;-0.15137706335679985;0.006704587118651999;0.017734280714742194
8;-0.1577179624563382;0.01168983757653975;0.012800002872116035
9;-0.16019467824035222;0.008270337926164589;0.011004523063239492
10;-0.16679808081668102;0.02378287973079919;0.009035017036913354
11;-0.16224381301138135;0.02554669971148811;0.010068625337731691
12;-0.15765407751371832;0.02084228206303101;0.011881063820127352
13;-0.16463242344650222;0.0026711431658901505;0.009542573901974124
14;-0.16594676663846145;0.01585074339823346;0.009196843993792564
15;-0.1629094958673289;0.009183234048929687;0.010029254972152872
16;-0.16577133976382974;0.010975365173159652;0.009077272199002314
17;-0.16731083853009307;0.00427312995910513;0.008535053588817884
18;-0.16384171671337552;0.010115951796994331;0.009925046453689352
19;-0.16007410005286887;0.023111843900296213;0.010797278125896866
20;-0.15372290212431072;0.01287108912841233;0.014733850075690835
21;-0.1614887230852504;0.024467549568608426;0.010342643412266985
22;-0.15905944607875966;-0.004688837609453598;0.01147833621704284
23;-0.1655845570490684;-0.011621211441882303;0.009735760797780973
24;-0.16561307447192108;0.008969620889006758;0.009082352517425646
25;-0.16052312747931774;0.006685221778156299;0.011283408798921256
26;-0.15699416043581785;0.003671013977999129;0.013194621729630011
27;-0.16250987747569143;-0.0011103503662448974;0.010087751994070448
28;-0.16680840032336153;0.0015140474226935134;0.008938759745179135
29;-0.16347871317539686;-0.014386328411968368;0.010108345235111537
30;-0.1602619950565291;0.011882962714829503;0.011569706331708549
31;-0.15320875373151568;0.002306190343522668;0.01587685681787538
32;-0.15619097375575408;-0.00744138735068842;0.014217668863726251
33;-0.15979126237056873;0.01679953698551765;0.011260406281339166
34;-0.157095680280968;0.008354158098735763;0.011960434622050804
35;-0.15959268415415728;-0.011003462746141366;0.011393190773640885
36;-0.1567291912914794;-0.005709347267021471;0.01236235387393354
37;-0.16322987425474472;0.004268102636065853;0.009946484566654689
38;-0.16459265310823182;-0.006739920981095049;0.010240463085794523
39;-0.16092830863999733;0.0028257328146395998;0.010497123946516234
40;-0.15647921247982685;0.00518115388971098;0.012810905583110856
41;-0.1571616397669286;-0.0009888068671977106;0.01355794467859798
42;-0.16577403523303844;0.008919384070243801;0.009076933212072393
43;-0.16372250542964464;-0.005060496364690882;0.010443545298673857
44;-0.16056513845184703;-0.01111515287088339;0.01102330815506938
45;-0.1618087852810636;0.014754745631682095;0.01070781828214725
46;-0.16279223951292626;-0.0035326061832749453;0.009820490818884638
47;-0.1553524465325438;-0.007343778875552227;0.013610619875935861
48;-0.16275384691762335;-0.006523510443877047;0.009817820827902099
49;-0.16065293508547324;-0.010507741079454718;0.010614841589819134
50;-0.16224470970807253;0.011641879660134163;0.010710736487382725
51;-0.1616531784887667;-0.012552717979186992;0.010524189872782171
52;-0.16802181745017017;0.0037492197347078387;0.008138367853092927
53;-0.1526085674247624;-0.013120163849322844;0.017062764302539973
54;-0.1660539506099842;-0.006352100383034364;0.008967992908976697
55;-0.16037620864532612;-0.007344547068074282;0.010616703203154935
56;-0.15876692116996388;-0.005362975295391848;0.011791364560708588
57;-0.16328809369493413;0.005059090857799158;0.010389059999106843
58;-0.1617104384560644;0.004703728479453949;0.011212743609269828
59;-0.16136968071078076;0.007810039733345031;0.01042364656097359
60;-0.16639071419651125;0.003777381720544697;0.008788192253329871
61;-0.16156152623671072;-0.008867956764609258;0.01026163493225604
62;-0.15969347187030464;-0.002814059060959456;0.011518131961333163
63;-0.1596128938227524;0.01143519686245759;0.01228548302832577
64;-0.15773105088575387;-0.03340181822084605;0.011799859322239587
65;-0.1590946085953418;0.015104597050543827;0.011802899927176811
66;-0.16309717332875287;-0.017114194218665044;0.010349253439286978
67;-0.16355523736388594;-0.009929311380267645;0.010016240670035283
68;-0.16435302563655524;-0.005320984943877485;0.009892424614985048
69;-0.15651772818447632;0.008411498983090676;0.012805316761412002
70;-0.16292198872860567;0.015779704554090893;0.00993276736204639
71;-0.15972324467735527;-0.002816592733896992;0.010761016143232952
72;-0.16040011136620133;0.011214666453387407;0.010827220510461448
73;-0.1625901511274738;0.007408564062936399;0.0104247242823979
74;-0.15628821863068473;-0.007429409566891564;0.014284831740789943
75;-0.1634852186470856;0.01389435667482084;0.009809555647963727
76;-0.16398539340790408;0.009716775028105468;0.009749298006480122
77;-0.16007770043096425;0.00125398301226978;0.011204876890061078
78;-0.15943599124749502;-0.021217825160724433;0.011398280891187397
79;-0.1575658607998012;-0.020163630477374097;0.011765250652384611
80;-0.1607583463191986;-0.021445218072997558;0.010553361580787618
81;-0.15781334379572928;0.00757031269984217;0.011250875433102067
82;-0.15340267486778306;-0.015815082571324985;0.014896795313207456
83;-0.15720170849635276;-0.0009460516597198561;0.012660235730402264
84;-0.15974764575928818;0.00419707020559908;0.011799410135933646
85;-0.1619679026250486;-0.003005586196553468;0.010588540075185858
86;-0.16570793521992955;0.010019027775436562;0.008809719707264945
87;-0.1606262981818046;-0.007899206475723739;0.01140523305921643
88;-0.15340135611133812;-0.01801551071390507;0.016869006305933
89;-0.1630505269029994;-0.012574275701628699;0.009938046888988696
90;-0.16194732789640073;0.007101729297925807;0.010165147854268183
91;-0.15823685459148737;0.011004183257044829;0.011384468415499102
92;-0.15569701553126913;0.001777224159185057;0.013020890560691004
93;-0.16154038101802637;-0.0008906675043823428;0.011001665977140267
94;-0.15734064556934216;0.010100241454579023;0.012829357080713467
95;-0.1607214195124897;-0.010378186371756637;0.011196875831135262
96;-0.1643167343036628;-0.0020822962416054964;0.009259507197564767
97;-0.1535202763477961;0.020513606509565886;0.014447774215612882
98;-0.15815191242429946;0.0004004720354822456;0.014148062074809899
99;-0.16355404678686167;0.01091480369253133;0.010680807549966339
100;-0.1608733245104919;0.004528618017152271;0.011090619710768447
101;-0.16531114551756118;-0.0027663330378385983;0.009159103174590403
102;-0.15795183387067582;-0.008358246058445347;0.012603108695259801
103;-0.1571771945776763;0.008178466951699473;0.011985747053023474
104;-0.16103414974830768;-0.013103398333407516;0.011316360168067025
105;-0.1614266081209536;0.0033453337569400543;0.010913072103795446
106;-0.1584863641821308;0.006053684214983397;0.012975248399616024
107;-0.15865144984957613;0.004979427891523279;0.01217685424251321
108;-0.15729090530195353;0.006435447751783714;0.011681370229264836
109;-0.16608346069300617;0.002275285705592394;0.009411051284383845
110;-0.16135265019940742;0.010945013355033294;0.010696034039842126
111;-0.1617229605972031;0.015430959096027683;0.01089093077789854
112;-0.16222020275062984;-0.008259338369836633;0.009709503218807557
113;-0.15769885765917507;0.020928608362025085;0.012669904144641794
114;-0.15603566938712274;0.008434581480750363;0.013550685015449553
115;-0.1562760286125136;0.021086037782632405;0.014744478756630862
116;-0.1654301729687938;0.02819150479947568;0.009684886540067784
117;-0.16188957152543246;0.0029298955119237587;0.010697459896313556
118;-0.15769008140505095;-0.007139017598058189;0.01220211900908638
119;-0.15991263470531983;0.012055501172143197;0.010761449233525329
120;-0.16073771835109335;0.02430603092860425;0.010399688426175235
121;-0.16238507215623502;0.004639380541812437;0.009927843245275226
122;-0.15808160563309986;0.009104770354599258;0.011997787737644013
123;-0.15988912219618573;0.004451895674596646;0.011111277697814835
124;-0.15095768203705917;0.02625129197584034;0.01744902873158823
125;-0.1497075997090634;0.012112982494916111;0.018686683235437047
126;-0.15804657774942893;0.013450440420028265;0.012317438877567097
127;-0.15685964944921893;0.009497008103608096;0.012427577382344523
128;-0.16043329213872368;-0.003368340816904279;0.01098040145718389
129;-0.15959506422649195;-0.012531164309015658;0.011503706336205389
130;-0.16119984499466272;0.007958753393899383;0.011041819391151269
131;-0.1567231645701844;0.023438892997072136;0.01267627264706441
132;-0.1613846414251092;0.003872784675628214;0.010524878110966565
133;-0.1555329394266929;0.006192965727913147;0.014042933822414021
134;-0.160574242575669;0.0019315043980878042;0.010518914753640139
135;-0.15849383848684806;0.009852823387313329;0.012177897198240698
136;-0.1573613911057696;0.003306066632606046;0.012807450941591352
137;-0.15700515635219622;0.03027052795489313;0.01303108456188146
138;-0.160014640600593;0.008243079249090285;0.01139050400827402
139;-0.1611083816598963;0.017330285719303732;0.010111837030192953
140;-0.15673187417748533;0.011005936455971725;0.01346585536306655
141;-0.15738923175835315;-0.002536080981718655;0.012479436282574394
142;-0.15483389480614368;-0.004153013284403754;0.014360035647304705
143;-0.15750209934917497;0.03168328504382423;0.011985499331336698
144;-0.1594498407031283;0.013381574411831946;0.012153242626859817
145;-0.16192907515131397;0.00872980556559654;0.010727098805852878
146;-0.15811528357458704;0.006052364790804949;0.011957367286545995
147;-0.15941798126991885;0.009677193738400855;0.011975763581325242
148;-0.15726347223476128;0.021234015052700502;0.012607576651613654
149;-0.1608656111985077;0.01864474494395353;0.010145110545426975
150;-0.1547948197744511;-0.010876942475658359;0.01434467106229729
151;-0.15748833544460344;0.0089953288459758;0.012560078855833889
152;-0.15879087740992323;0.01497502575377933;0.01200525642959056
153;-0.1580832549009794;0.030245763810173992;0.011395175756863605
154;-0.1510331451083407;0.009514664401110538;0.01786835771192003
155;-0.16313963536862974;0.016903240565084104;0.011205130289596172
156;-0.15321198174982895;0.011663719772926767;0.015436412199963757
157;-0.15580135187249125;0.012939363340351352;0.013071619144836327
158;-0.15587066839506597;-0.0013306463165106296;0.012678446879173503
159;-0.1611241200014397;-0.011350569271778596;0.011262632339364953
160;-0.15597391303674674;-0.006542729059689728;0.013640690731965466
161;-0.1519040670291877;0.00036699934863272687;0.016733168641818157
162;-0.15836910205858726;-0.0037906734843667954;0.012727161324410527
163;-0.15326674493006717;-0.007434757954771034;0.014604393029930414
164;-0.15329338934686448;0.014343582947472042;0.015032051701420619
165;-0.15572564560690044;0.00767663292646628;0.013693215214175943
166;-0.1567470599471787;0.002668524120322049;0.012408574096582555
167;-0.15798697302370895;-0.007334696422352594;0.011779541916409392
168;-0.15835667580734064;-0.003796967634037252;0.012761789541461585
169;-0.1526282924634439;0.007768517130594931;0.01601877657673609
170;-0.16159751927411115;-0.004196131838558178;0.010524571483471879
171;-0.16504649418371695;0.023514894133476457;0.008995210704520161
172;-0.16277459767129687;-0.0013514338254158864;0.009950652975175115
173;-0.15769954320089316;-0.02258122379637904;0.012512263988639102
174;-0.16197792633816047;-0.008332070299169752;0.010875935874373457
175;-0.15286508974469737;-0.0046249483071203286;0.014737666913388688
176;-0.16203404584784567;1.6120179242994865e-05;0.010200438751942582
177;-0.15835876876925245;-0.00957672127864588;0.012138258789516526
178;-0.15738341293217223;0.00027002545678970135;0.012688795087606083
179;-0.16079858026386779;-0.0016022542747471304;0.01048623308631373
180;-0.1528848914820471;-0.0005223908600839176;0.016334242484543793
181;-0.16145802784113236;0.0047816555546934284;0.010573752371617305
182;-0.15876856551494128;-0.0013013800681758844;0.011416163703909627
183;-0.1533243011986768;0.022206788308371254;0.014613041922358082
184;-0.15958641170719523;0.013344594561958393;0.011355105481673906
185;-0.1551284325270005;0.019718331088551627;0.013574781535124337
186;-0.16248114468874755;0.022290111004761536;0.010430249859935339
187;-0.1521412632715555;0.0005617486613868724;0.01706424183729622
188;-0.16058510496292586;0.01110862698761425;0.01036545239250969
189;-0.15549972243515062;0.02344144954888673;0.012910850426573077
190;-0.1585731381840176;0.01653869197088406;0.012301496776441732
191;-0.15677036458327445;0.008026526783933263;0.011983324357388933
192;-0.15683613239982983;0.0075150795772716255;0.012268143928161375
193;-0.15218727793958453;-0.01337825383665651;0.01547122979329692
194;-0.15476123965816732;0.00839450384955943;0.013870426963462874
195;-0.15749998040405322;0.023165842742807544;0.011798191426988737
196;-0.15211337052745583;0.020692013126311474;0.015534446403660156
197;-0.16253717955983715;0.001994334571652781;0.010618224159159043
198;-0.1588171926030406;0.0022555397387416486;0.01129045824025884
199;-0.1536824717050717;-0.014970925635188231;0.014018560768921435
200;-0.15482932366706706;0.00924763053383809;0.014116725098387694
201;-0.15665948853080655;-0.005310799425581389;0.01235032608801568
202;-0.1602636050294947;0.002904050746468402;0.011339302768723832
203;-0.16269599937362436;-0.00566329368389065;0.010055999307444802
204;-0.15457792547014024;0.02804500812002606;0.013093404951562852
205;-0.15590707392604264;0.0027986205880491375;0.012883228267784472
206;-0.15606360210312736;-0.0027678543643147057;0.013400351230377033
207;-0.15894082948013588;-0.0017392568033931268;0.012355300278667315
208;-0.15506133139133454;0.0029413704544909974;0.013177897014919622
209;-0.1513210059463242;0.007916919697332717;0.016602190878748157
210;-0.15517321465927877;0.01852479676714413;0.014212020372994887
211;-0.15175295600920546;0.020917648858327944;0.015684408918942933
212;-0.1547077571757046;0.00481152363995882;0.014594895230307256
213;-0.15695951948195327;0.007295114470512033;0.012402240633964539
214;-0.1604471653699875;-0.023734357208013535;0.01071926485747099
215;-0.15608912921246187;0.02245225084162451;0.012530261930308224
216;-0.15346591334284088;0.014864110237513497;0.014600672272068483
217;-0.15647711922357113;0.023035400916630384;0.012782882561470255
218;-0.1526593553946342;-0.015381764989370699;0.0146542240900022
219;-0.1581582107440925;0.0005436457672898721;0.011763621643645528
220;-0.15287072715200023;-0.00618337201855658;0.015554613198303147
221;-0.15758023769031337;0.013713766636677593;0.011442713359899727
222;-0.1542603560509505;0.029003179730089746;0.013598499138046194
223;-0.1546797021377234;-0.0054355039811982125;0.013810059711061142
224;-0.1560385122490518;0.016220641053581026;0.013152994812914619
225;-0.1529251336021188;0.0017316214801196762;0.015330248810350895
226;-0.15736645651452336;0.011477101275886525;0.012241613783954103
227;-0.15261961322507742;-0.009145575071290497;0.015465123431734097
228;-0.15968093457781238;-0.021440541688410312;0.010816985765633023
229;-0.15371933616973735;-0.021247698934805808;0.014138848803661487
230;-0.15371295860520115;0.027385038145563426;0.014328857346173422
231;-0.15732384380734998;0.025259438708717764;0.012672324181982764
232;-0.15577927630624652;0.0051352479004115725;0.013019413130794778
233;-0.15831743634041445;-0.003935657056513377;0.011248260613208936
234;-0.1609623842769199;0.02752064933678434;0.010387903923329748
235;-0.1529319175452362;0.033501779475143816;0.01534034627639217
236;-0.15336247435322514;-0.028184697767481587;0.014743644599745302
237;-0.1563453432880802;-0.015957832781807808;0.011837881078460703
238;-0.15694115818282706;0.009394032331158401;0.011866095012260807
239;-0.160697994813507;0.007954004656370401;0.011664432802318055
240;-0.15162589066558413;0.020225275388568404;0.0168347745489927
241;-0.15778496734889938;0.002064329106921192;0.011899543478625057
242;-0.1614099481223542;-0.007073913088710087;0.010538768715420622
243;-0.15041774934456673;-0.0170572816277167;0.0174423316663798
244;-0.15573744966660016;-0.007985160526588044;0.014077196729679902
245;-0.1553135754296809;0.0033362882773413788;0.013306554831840374
246;-0.15925355008354894;-0.0003938556521632249;0.011296598541515844
247;-0.15110034435619543;-0.023805234942520195;0.016344743787230533
248;-0.15137006467507208;-0.029330593482396736;0.016598172809146803
249;-0.15445692903465694;-0.013632741003559743;0.013606350974720202
250;-0.15241329069490786;0.0057943237680269195;0.016488369210266772
251;-0.1544806436697642;0.01475218176856108;0.013214479843039572
252;-0.1604471653699875;-0.023734357208013535;0.01071926485747099
253;-0.15588065556537958;0.0023320673184692472;0.0132950089931672
254;-0.15426508838011896;-0.012246870881666568;0.014175872997737225
255;-0.15562299384011163;-0.008228527233834567;0.013031643900882314
256;-0.1607513603752042;-0.0251547048376033;0.01010549959531169
257;-0.15378459260051633;0.003397583178485087;0.014510011679872318
258;-0.15623972796363594;-0.005435140821759382;0.012754451155570555
259;-0.15665813736709547;-0.011631171946007978;0.01217192691049458
260;-0.1534529114726149;-0.005085632391701101;0.014888603334993492
261;-0.1580163781878389;-0.036252643306249895;0.011280833449628618
262;-0.15597867162139328;0.008251213312081139;0.012725726624053937
263;-0.1555576475019808;0.0014630690427200107;0.013127150401748992
264;-0.15493459519044853;-0.021048610205577942;0.01385575244916074
265;-0.15582611934638319;-0.011657138993283791;0.01310324533302107
266;-0.15694786371272287;-0.02298766159077921;0.011925011306173272
267;-0.15094711151387957;-0.032835444208974;0.01629246940675341
268;-0.15772190430282074;-0.015603035811606485;0.011825369903702795
269;-0.15044408435438886;-0.020500761739441473;0.017711132595568526
270;-0.15390998096377762;-0.005123629577162689;0.01422241535819607
271;-0.15310478512151743;-0.001520334986512072;0.014268699929486086
272;-0.15382936969951347;-0.00860225012652392;0.014144606759978666
273;-0.15538456306781298;-0.015511922637328278;0.013675226905831584
274;-0.15499543449025097;0.008735931721592486;0.013449681716752641
275;-0.15374920179078608;0.030050428151208272;0.01445411507362201
276;-0.15506260169141087;0.016270482027816967;0.013754302050320454
277;-0.15515807232739012;-0.004884890230586515;0.013409979563712338
278;-0.1556693951436031;0.031343471523784645;0.012719556644190977
279;-0.15818737933665147;-0.004146344357200346;0.011720590402866587
280;-0.15145806663566166;0.004840470319002994;0.01663723500560463
281;-0.1526838085460074;0.01805011425235905;0.01532039715414062
282;-0.15645039086724505;-0.012956214097206679;0.01278646375708006
283;-0.15511941619861272;0.010642747920743193;0.013707313904147825
284;-0.15517078131805231;0.0007694942496783807;0.013189121531667533
285;-0.1545852757236104;-0.012713857766081933;0.013648967658755956
286;-0.15373106767365963;0.0029353174734270946;0.01478353627026081
287;-0.15891824659741954;-0.002400372826967124;0.011710668846872854
288;-0.14917835763207188;0.004705927379336459;0.018157406662717278
289;-0.15702369101989416;0.015717160400985627;0.011890259259092956
290;-0.15800251455954564;0.0016464247172075655;0.012052512513358652
291;-0.1585864296665898;-0.009783937084635617;0.011458957343833683
292;-0.15399772728666847;0.002103354930721387;0.014227566995462518
293;-0.15710553885977946;0.018993724302090863;0.011673970655250696
294;-0.1564015237858266;-0.016821391387559823;0.012281306780598782
295;-0.15642742363023168;-0.004731711664037307;0.012909866817479517
296;-0.15355438548105735;-0.026522331892105466;0.014354881578941403
297;-0.1534369721677568;0.0248393598712205;0.014475065120208411
298;-0.15231903461762417;0.0027665053038170885;0.014642565872658182
299;-0.15581132349408702;-0.0005327930142133774;0.011922574914807891
300;-0.15362210124363135;0.021080178153235554;0.013873681720392203
301;-0.1554234399324582;0.001056312816967594;0.013253096246884928
302;-0.1554243019480764;0.0017785635079882113;0.013112487591067213
303;-0.15469393127494388;-0.008571910098680859;0.013914568207146209
304;-0.15475386031615881;0.008938902277940666;0.013772432035594076
305;-0.15472455558953463;0.04129126169914265;0.012972186251003066
306;-0.15807475867094817;0.046297930086816284;0.011608194136233242
307;-0.1568800464971566;0.026682490359030284;0.011990230960978402
308;-0.15989495822676905;0.02204068922516236;0.010706465321558493
309;-0.15601403698509123;0.026608276971034493;0.012348915413941865
310;-0.15646031851385847;-0.0042100149832847615;0.013352303788709788
311;-0.1518381706947162;0.01837896099365205;0.016386158445643055
312;-0.15522744519475065;0.01165604248486623;0.013899262104597356
313;-0.15502687046557298;0.029584768831411545;0.013818730950171564
314;-0.156284220373189;0.02210268318537949;0.01256573922748183
315;-0.16062510544871106;0.029958538892535195;0.01045683197401188
316;-0.1504089543848862;0.02468051430851995;0.018346782199302573
317;-0.15123998191621568;0.010589122044453957;0.017144168132433184
318;-0.1530159464147356;0.030376718833246327;0.014720943683735383
319;-0.15902951141198476;0.0267739816307055;0.011160805088778336
320;-0.15183694940290332;0.03615491080213551;0.015620945439110568
321;-0.15457451276573134;0.030400097912817368;0.013559933790454158
322;-0.151145107275174;0.020864375493013395;0.017304157155255476
323;-0.15606674763891432;0.02946332266804673;0.01225984572030512
324;-0.1564677983669587;-0.00859112560840228;0.012468756099725947
325;-0.15647225588192173;0.029573688492909027;0.012713089270264278
326;-0.1544946202893316;0.01522841195551011;0.013974169295879057
327;-0.15163051304257946;0.020731435418509383;0.01598573061787052
328;-0.15542558479456253;0.03971822815288985;0.012902425366143385
329;-0.16095039676736903;0.01787099930314767;0.011037445965188521
330;-0.15363489241511732;0.01760951394469615;0.015087607067860203
331;-0.1619528790609336;0.0018671677325008563;0.010022233288367221
332;-0.15684321524920286;-0.017219281499602168;0.012910485915655707
333;-0.15423669848913027;0.017138739130112546;0.015210368645227986
334;-0.15570529913460768;0.011091566242095813;0.01346102978206343
335;-0.15862245911433373;0.011966803933202395;0.012151599339220994
336;-0.15960618766001713;0.005162239402537428;0.010956499866313404
337;-0.1514421780756962;0.021166506566345854;0.016527171676265606
338;-0.15678042471408843;-0.0005164230714425135;0.013177383605068848
339;-0.15701908611956938;0.025741973982061787;0.012195742783815036
340;-0.15545664860142602;0.009725684561449552;0.013065231628715993
341;-0.15396878092377275;0.027372593912649915;0.015068740678698192
342;-0.1581770028449871;0.02304236832830802;0.012125890549778202
343;-0.15604059013319604;-0.0033675474144372317;0.013263136731161747
344;-0.15216032994382175;-0.007097445713297929;0.015926365660572494
345;-0.15754425349794787;0.0007734873807805096;0.012434232870553747
346;-0.15850156753151506;0.010487824845349453;0.012033247574703929
347;-0.15845167133543225;0.019090831317320138;0.011180201846600315
348;-0.14893134594699484;0.0020999816328234667;0.02077303294874268
349;-0.1583564077409697;0.009354033294864313;0.012341081393123777
350;-0.15624558910175607;0.0330621059091595;0.01312196244796117
351;-0.153321817436336;0.020965413990498172;0.015396413751590399
352;-0.15218071349609044;0.0026834816957556607;0.01594300956269841
353;-0.15233754496515534;0.018965915874705613;0.015210138220845918
354;-0.15760904120810237;0.0343733395037468;0.012338053289754892
355;-0.15763101122261566;0.032862519694640976;0.011837356664056395
356;-0.15117585207209175;0.01894314694279599;0.016810037035173104
357;-0.1605397194623947;-0.0017738455134073134;0.010453506686069347
358;-0.15460544918054417;0.03274076264602301;0.012929769630233446
359;-0.15675144261784024;0.03056523939422339;0.012481267968721595
360;-0.15465856516066892;0.0111216086799848;0.015462408283794369
361;-0.15894238681704909;0.014107444288416041;0.010936288507540285
362;-0.15473068558139566;0.024890889938240568;0.013910868883960778
363;-0.15933847021909409;-0.0027581070821565564;0.01151034451653192
364;-0.1626104227186721;-0.015825105131590123;0.010215664185629582
365;-0.15508018499539222;0.00391481307611819;0.014396980022666631
366;-0.15863449949541208;0.005726939777185989;0.011715669851336215
367;-0.1506083517162888;0.005377555860002654;0.017852793609102566
368;-0.15522862753750366;-0.0015000474684725136;0.013403695015075765
369;-0.1604471653699875;-0.023734357208013535;0.01071926485747099
370;-0.15628579315579968;-0.003360589564598976;0.012963099769880006
371;-0.15601512299643622;0.01294979845916366;0.012760319958130519
372;-0.15610708979176885;0.01621489381006765;0.012938498252151926
373;-0.16123266624815671;0.011720274325169517;0.011025838227367695
374;-0.15486992677052816;-0.0025750666013706824;0.013617747625634995
375;-0.15205800127835922;-0.00857016134875547;0.016178345351859375
376;-0.1581634068121145;-0.02112326789591932;0.012257157846089498
377;-0.16377686824327634;-0.00019009492373529442;0.009864065466149721
378;-0.15576853773476165;-0.0006980782782804094;0.013583442376535616
379;-0.15681934778337125;0.007572299549832184;0.012245489139523771
380;-0.16128926991680523;0.01210439644785013;0.010320900179629708
381;-0.156149028532299;-0.009199676926518692;0.01285952002821881
382;-0.15841783811280757;-0.018969593128226454;0.011611602904711976
383;-0.15882848469563474;-0.024419460655322994;0.010987459488764957
384;-0.1599566986752145;-0.005401368211436712;0.01143877325464546
385;-0.1585395449841464;-0.014055880865377764;0.011308171732098232
386;-0.15310677490116636;-0.005912983147284166;0.015873760290811827
387;-0.1568034149835139;-0.009234401765067481;0.012622442681480337
388;-0.1613207510812783;-0.010726664073342733;0.010196935144011621
389;-0.15049787628797837;0.0013444195750577628;0.018786678422748306
390;-0.15501587752942686;-0.02889091662439984;0.013172728210963585
391;-0.1575848099184625;-0.01413131749125577;0.01288105257085444
392;-0.15857377117798652;-0.02174376273638902;0.013066721705282912
393;-0.15834565769743036;-0.004431917918947515;0.012346499289535446
394;-0.15816735883553823;-0.003989209428551408;0.012168929845922523
395;-0.15980176431897244;-0.03073471498883481;0.011854201033251521
396;-0.16047306324228827;0.0021951814024120083;0.01083864589624199
397;-0.1576757554801894;-0.012325884075629194;0.011667095956703026
398;-0.15805883407592775;-0.010337134287312191;0.011978643735249837
399;-0.156325904417921;-0.0304080831021188;0.01234151310344905
400;-0.15935185681154698;0.00249324126377124;0.011394423634549717
401;-0.15613027295948548;-0.010415788181377183;0.012945486518243949
402;-0.15730937776006299;-0.002012962687247322;0.012629544320573777
403;-0.1580922137366401;-0.016276663147690232;0.013052586023178365
404;-0.16270308090580834;-0.0033085438099195374;0.010106464206804463
405;-0.1569156856595734;0.002339648547360277;0.012022507388926582
406;-0.15729592207773233;0.008947256000728323;0.012278739184049177
407;-0.15757123636610715;0.015401519553395948;0.012384070812919994
408;-0.15457386140470153;0.008448807716471673;0.013275060872604818
409;-0.1573431780014509;-0.019588953498055443;0.01231597432291802
410;-0.16172871107672468;-0.005973993355867235;0.011255513852301204
411;-0.15971254531248116;-0.005078863657121317;0.011394138021601571
412;-0.16262503735813094;-0.008473489513844582;0.010436599650592716
413;-0.15689732519196875;-0.0015007529027341797;0.012500105982669341
414;-0.16338747874454215;-0.008890408539912272;0.010232316187962338
415;-0.15954390517723413;0.006011967323675542;0.011141948609808345
416;-0.1612318119590665;0.01420197283358487;0.010847948232872618
417;-0.15120231807231904;0.0010197545870553847;0.017362059923233808
418;-0.1595432722568512;-0.005113067624876333;0.011315407852331797
419;-0.1606285290585624;-0.02233648431878307;0.010821263114059412
420;-0.158214488706471;0.005741633555606111;0.011604337799420328
421;-0.1614158218657529;0.010923697917343456;0.010461035374276064
422;-0.15467158246187515;0.0073142922526429534;0.0145090642189722
423;-0.15222500172662146;-0.004123590735755976;0.01679163573562731
424;-0.1546647114886178;0.008290072261953343;0.014860944287092597
425;-0.1619153105918272;0.00621867586857852;0.009963406581017705
426;-0.1533255554275748;0.001975037192847639;0.014422482435626013
427;-0.15279647095703786;-0.005019877257037018;0.014764228920325822
428;-0.15266670919494865;-0.007733253418995401;0.016985381723462062
429;-0.15327087574534945;-0.012784961639515615;0.014978712194219784
430;-0.15222318416760292;-0.009520167942781332;0.017000521747970287
431;-0.15517166050127995;0.005640221118004842;0.013930347290028025
432;-0.15579130746700146;0.006216599063131812;0.013443869828809926
433;-0.15717841688497566;-0.029666231173866357;0.01300454634161275
434;-0.15909527524017994;-0.016822180415927302;0.011406229844799748
435;-0.15412590923132719;-0.0030383091704214078;0.015297538354348989
436;-0.15827581535886834;0.002575521087326953;0.012077515956336334
437;-0.15594934928564377;-0.020041403525612376;0.012761920898876808
438;-0.15630522548416514;0.008518422855788995;0.012538153934809896
439;-0.15490256975462408;-0.013946710136937506;0.012749038485373244
440;-0.15779069982928995;0.007187556269194896;0.012528910643800541
441;-0.15062963933120538;0.005332331285558829;0.01866443348749552
442;-0.1547286448213789;-0.012759165766905493;0.012964566519690884
443;-0.1609844732799648;-0.006840349618474131;0.011404631582123261
444;-0.15540795244552472;0.0164210249531948;0.013040406505266826
445;-0.16096444890822895;0.004390902842228289;0.011421238202601672
446;-0.15660420757017018;-0.019185641375706275;0.012837629875651112
447;-0.16144181445792868;-0.015785981890165002;0.011201356134756847
448;-0.1621137238652618;-0.0238873815629775;0.00986508488609099
449;-0.1633777862124973;-0.02488132497051768;0.009766207414184824
450;-0.16020490772930193;0.006423495272517166;0.01031945798592067
451;-0.1537700648734599;-0.012315979748486432;0.015507188673924517
452;-0.1604471653699875;-0.023734357208013535;0.01071926485747099
453;-0.16025129361653034;0.007828477776447134;0.010743802733443402
454;-0.16052247934135389;-0.019961977299895177;0.010413331981334421
455;-0.15208667315082786;-0.004685653076941643;0.015731465667026278
456;-0.16205748385117377;8.849481893214685e-05;0.010004734381297488
457;-0.15853615217002823;0.02409386606902433;0.012401380932625428
458;-0.16409953363147783;-0.0016174153975472658;0.010429262692269719
459;-0.157378678255611;-0.014940144830059265;0.01276033698040762
460;-0.15351614186057339;-0.012593979661458006;0.014923374566399021
461;-0.16128904238159275;-0.006441456711133166;0.010153323359511517
462;-0.1623954036059203;-0.004735302284635161;0.009700112247402653
463;-0.15683257164042674;0.0004663889425254088;0.01490914663138949
464;-0.1581186330907139;-0.027889663643972773;0.01108176465065759
465;-0.15750060336089428;-0.002207127757028951;0.012626109639711586
466;-0.15986790125752673;0.0009042515898760973;0.011287866155904384
467;-0.15426535693215734;0.007701459061921205;0.014855173240749189
468;-0.15839124583903655;-0.0035313296525877106;0.011391926640069779
469;-0.15780012486893455;-0.022802959920229092;0.01159988903383046
470;-0.15632056906635378;0.01562882358079274;0.012674366850635888
471;-0.16005184435550077;0.02334639081560768;0.010562506022828596
472;-0.15677453294948296;-0.011462443574078569;0.012714497587287132
473;-0.16362096364115492;-0.007292164215937697;0.011299344888071956
474;-0.1545614672295841;0.00885926044944359;0.01385486148159813
475;-0.1525242485014009;-0.005179921381181267;0.015656924829990777
476;-0.15277421138904712;0.017167809175623487;0.015366877484836696
477;-0.1540932160395163;0.00647214551325485;0.015483516214622392
478;-0.15552170091941034;-0.011640391282805614;0.013758612529915056
479;-0.16162045939469044;-0.025772526470777567;0.010258869835991918
480;-0.15332315262453056;-0.016370417880572388;0.014935469122856487
481;-0.15588161227879702;-0.018703940939729498;0.01287004179286736
482;-0.15630489628991964;0.011907660195709604;0.012720103714569116
483;-0.15490552943429828;0.008960819558271374;0.013820656779003732
484;-0.15680601253921603;0.021873862362498372;0.0122613914453505
485;-0.15733992965868962;-0.025475239577459927;0.013096341281025497
486;-0.15287451421037132;0.028908020917066478;0.01397888924282642
487;-0.15275795419275026;-0.015291045979600447;0.01548676266806361
488;-0.15117520681133978;-0.04280284044879128;0.016446780924811777
489;-0.15518226164358634;-0.027672886270188934;0.0135182859417465
490;-0.15257172524193185;0.031441351598889326;0.014914765650935378
491;-0.1539338728307206;-0.022181930555573975;0.013945787250995635
492;-0.15749428980880315;0.00648634073699887;0.011945338489280807
493;-0.15074210966074908;-0.020477897336204927;0.017388597218158806
494;-0.15181090764793348;-0.020356573599119767;0.017050248852666514
495;-0.15560631334045788;-0.019309460506991866;0.013114614845425995
496;-0.1545157194579089;-0.02029856894394515;0.01338167394844838
497;-0.15081851638393637;-0.020095227674910683;0.018626654819113974
498;-0.15307015261532347;-0.008495014802902006;0.01564420819926409
499;-0.15526291799398115;-0.006733303367716108;0.01271920195562236
500;-0.15371544155073755;0.024754127541488327;0.014328960804843608
501;-0.15958587382310702;-0.016272338615714414;0.010690853759922363
502;-0.1604471653699875;-0.023734357208013535;0.01071926485747099
503;-0.15403786789487908;0.01879619325875674;0.013676289409215068
504;-0.15589917051203456;-0.01841863840920448;0.01269811493103151
505;-0.15047280893649584;0.002873091481455004;0.01660919289622042
506;-0.1551497561033861;0.0008960184915081805;0.013832736360714023
507;-0.1552393834899973;0.020136908435097998;0.013315733252668086
508;-0.15775398171978233;9.092520263499112e-05;0.011219637610110236
509;-0.15351549636434625;-0.015487417181972472;0.014067062416378362
510;-0.15174490242092697;0.014416832210827124;0.016709018677565052
511;-0.1592919181452857;-0.02617421223479467;0.010925145594426143
512;-0.15559352731263196;-0.01589757649909177;0.013148157020777831
513;-0.16006061961621415;-0.018757034790233988;0.010478151542720972
514;-0.15419526789659335;-0.0004357215856600058;0.014467894726973256
515;-0.1532712223868311;-0.017272680655174486;0.014550843750713048
516;-0.14965109831021156;-0.036554758175435034;0.017470239531018852
517;-0.1585813655971009;-0.01186765933080882;0.011468718110779185
518;-0.15505528848848224;0.012912574173486648;0.013634864034844034
519;-0.1540198485866005;-0.00850718161287547;0.015132934569300692
520;-0.15056293996027958;-0.02003155843664439;0.017177147323518622
521;-0.15604770033447832;-0.0397121894541254;0.01292564342143359
522;-0.1527620244026184;-0.015556661942237154;0.015835758794880944
523;-0.15464245117740866;-0.005991530770196631;0.013925077845284968
524;-0.15725835577941236;-0.007874442567886428;0.011827416143575568
525;-0.15207893754964993;0.04130990044904059;0.016287312840146048
526;-0.15445287924489856;-0.022757670308504056;0.01355138181168356
527;-0.14955659435855018;-0.01974873320795549;0.018737093437876967
528;-0.15671836212829307;-0.018275430154000877;0.012299105516738362
529;-0.15331373698917436;-0.012784978251528415;0.014385040381716358
530;-0.15720252441035376;-0.018424192238543257;0.011559642271403178
531;-0.1517680945514161;0.005280793862573459;0.016053577479848893
532;-0.15123670820836668;0.005318892547279518;0.016798800166098422
533;-0.15278735844441402;-0.0073451518217215956;0.013990833261682663
534;-0.15263789371943767;-0.013849366874681796;0.015504593026858788
535;-0.15753863119784697;-0.012794174867118766;0.01257830569497597
536;-0.15645191141116765;0.030837654126442005;0.012262991308522077
537;-0.1556682191366031;-0.017003869013614697;0.012704344092879766
538;-0.1572634208643878;-0.021618125754700294;0.01164121095964938
539;-0.15338939081739497;0.020434573846245772;0.016530181184227083
540;-0.15380563417334617;-0.020738015836329317;0.013059385444647
541;-0.15428660888730744;0.01768730028734398;0.01340397541537697
542;-0.15241891808715868;0.022035964635215798;0.015652727371104704
543;-0.15795851678024103;0.039231698283607036;0.011490173560601693
544;-0.15759852870746896;-0.00415216672013623;0.011637710822217259
545;-0.15385942593768792;-0.0008985083263676778;0.014013776948882475
546;-0.1542489626083845;0.019017627767378503;0.014450282723999317
547;-0.1572682167424096;-0.029760850082154466;0.010747914957687442
548;-0.1516051369169612;-0.014458392048750901;0.016023435352117192
549;-0.15311122151068698;-0.022995367715536563;0.014296727347889063
550;-0.15631889860571166;-0.03495656365993511;0.011650360608818354
551;-0.15277202058721473;-0.026172918614003136;0.01363677308699231
552;-0.15374048882060581;-0.02440538542780646;0.014568215305974455
553;-0.1501582431425283;-0.02184412801328978;0.018529547061081286
554;-0.15411769568920136;-0.022389190741854196;0.013506495896496891
555;-0.1539232122309414;-0.00198216527953376;0.014580061426961128
556;-0.1519123426263715;-0.016848274076911803;0.015921420475675
557;-0.15631114541012564;-0.022180554163149978;0.012182757280031105
558;-0.15617975574952583;-0.04104359214559893;0.011890763034239228
559;-0.15541822760193436;-0.00909588551221981;0.012495519733631317
560;-0.15543418614216792;-0.0005727539562110591;0.012679519556738713
561;-0.15047352266900332;0.019036180229453702;0.01711848535195545
562;-0.1551963472439919;-0.023706217942545876;0.012890140327314536
563;-0.15303517061251182;-0.0060530545936059894;0.014930465886438335
564;-0.15558965813230585;-0.020766864978714793;0.013350963624723164
565;-0.1514775925433194;0.012888512824971752;0.017841514698517174
566;-0.15106392209176664;-0.00020325288166475977;0.01724850678011591
567;-0.15196114231038976;-5.459404469491593e-05;0.016101321115813874
568;-0.15734521174872362;-0.013875980510225126;0.011493027117793207
569;-0.15910258382926754;-0.01603905585592112;0.010987093513026649
570;-0.15173302712999745;0.022828556020826517;0.018200312263711736
571;-0.15714491835346928;-0.0030080822632571878;0.01190759572211975
572;-0.156145871443513;-0.0017369865397182523;0.012379801425117033
573;-0.15839585895155683;0.02310769926124061;0.012150273604985372
574;-0.15555435298401632;-0.010129021120346245;0.013339660782137035
575;-0.15839430711151642;0.005732002134825984;0.011569453033584136
576;-0.15126015149516825;-0.017347633098309608;0.016725591059176273
577;-0.15308398204821128;0.012619400925510872;0.015159698558718335
578;-0.1566980227276131;0.00491648848590288;0.01214082048677
579;-0.1586725322773427;0.012256654225024205;0.011762263804306219
580;-0.1506824677446742;-0.019738258015526814;0.01680425313933764
581;-0.15663131755811197;-0.010626547533201691;0.012438832699884604
582;-0.15504144345536644;-0.007560417190942206;0.013863669726307745
583;-0.15867144376407435;-0.01127339397746165;0.011213211802604758
584;-0.1549501011474633;-0.0033818738595725595;0.014042933031364724
585;-0.15871408043820182;0.004944434954208483;0.011666567552328845
586;-0.1544300827273616;0.0025703470874172416;0.01324553001580047
587;-0.15481879271842816;0.015430217378397185;0.01333700403019234
588;-0.15792303148611092;0.032253043190712226;0.011556576835336509
589;-0.151184081317466;0.0018382235968323428;0.017164937402639125
590;-0.14984982592088206;0.053540549251911325;0.017644404994760766
591;-0.154438629290204;-0.006518950776184351;0.013533280111941291
592;-0.15082926383724918;-0.0020738651898700258;0.018215013148240103
593;-0.15826978741604605;0.033670826821837606;0.01112137065993415
594;-0.1553471060299579;-0.0023198986484975997;0.014188062483329832
595;-0.15430675970183477;0.011413253242743523;0.014283372328881128
596;-0.15449706666999394;-0.0005766743996858246;0.01438164039204518
597;-0.15127697623070374;0.009869788093569639;0.017147567024293504
598;-0.15720283258844306;0.016408783801675726;0.011827514906080416
599;-0.15525157593650582;0.00791476191461922;0.013545055272586553
600;-0.1548598332758303;-0.015304890576950173;0.013523079925849115
601;-0.1585463724018615;0.024383051358328637;0.01141948687809485
602;-0.1491801115097823;-0.025395205725431025;0.019459234324778304
603;-0.16157922128100455;0.009003650586694866;0.010367577559786078
604;-0.15466843318056178;0.001016404203641017;0.01399304219418102
605;-0.15551887075842163;-0.029920909936635223;0.012722216489966269
606;-0.1562290084141272;0.01786080169874805;0.012853667410895412
607;-0.15887379434373644;0.024643871581900855;0.011800787254800032
608;-0.1507698655790753;-0.02150780306936437;0.018043468991915387
609;-0.1528960186537401;0.02070278361784729;0.014604403254702504
610;-0.1532287053340747;-0.018452483696049585;0.014322963050670094
611;-0.15484517006226528;-0.013852489012442085;0.01364447081990448
612;-0.15361110146398899;0.014073483915861199;0.01453436144800098
613;-0.15238297665560688;0.012839060048824234;0.01581970588614543
614;-0.1555746011527968;-0.024051169573133028;0.01242070337044604
615;-0.1587644679531639;0.010916687888952035;0.011513434516978853
616;-0.15855667853061065;-0.016902356703192956;0.01089881766403531
617;-0.16026142905523746;0.019511906563925607;0.010641338570894282
618;-0.1535553761470465;-0.002574886997382562;0.015290313981657411
619;-0.15041137713708996;-0.011168271621671595;0.016103461297849814
620;-0.1548120356415525;-0.016809075988779194;0.013518685874195746
621;-0.15931031280093721;0.006405307587938296;0.011522135981531055
622;-0.1531529928504685;0.00047132866653465714;0.015289685601989428
623;-0.15527410489541513;0.00040424309955451013;0.01362422687449941
624;-0.15594260369553978;0.0030751843076696215;0.012763114299763132
625;-0.15282660992793096;0.008186387086637823;0.015405696831459616
626;-0.15698475034148604;0.026770996273388182;0.011934207189414237
627;-0.1560294366986663;0.021149529234458942;0.012413480986875516
628;-0.15130340001465362;0.003762634728420695;0.01628802648527019
629;-0.15709896713127325;-0.015285478262966883;0.011811341585384475
630;-0.15165546234743094;0.001787398094646859;0.01602221467336755
631;-0.15398966950398904;0.0077298510446964855;0.016630244955052564
632;-0.15313865685168607;0.029345511587481818;0.015454046688973903
633;-0.1550621458115401;0.007585652583123046;0.01411632425117272
634;-0.1562991768783993;0.0024938020314732934;0.012586632981712436
635;-0.1570514542453083;0.0100060833886887;0.012791018275383079
636;-0.15222832956431825;0.0035384325161745144;0.015170027834857687
637;-0.1552667404177748;0.02469446983402717;0.013809156185590926
638;-0.15605695394822108;0.029349071479080543;0.01308571990441393
639;-0.1531019205296481;-0.000653129419070966;0.015091899549703539
640;-0.15483316331733893;-0.0074309035216398945;0.013133502956249831
641;-0.15869992544621597;-0.0032318382753766385;0.011680631041986706
642;-0.15748822653735126;0.0037062497993734546;0.013068329136772656
643;-0.1567115588541384;-0.01920861728879022;0.012471480282184519
644;-0.15708237762804383;0.007623006412143662;0.012239370163024208
645;-0.1498625713954737;0.012965999785117248;0.017960962851842243
646;-0.15998292825840138;-0.016685120375688353;0.011130582715534134
647;-0.1528840810428431;0.04466538886306448;0.01412268067445652
648;-0.1550096861300645;0.005518075902588783;0.013664292288415225
649;-0.15961417661772834;-0.012826938414873888;0.0110311076293389
650;-0.15100408454736075;-4.651405087551447e-05;0.01697291818757852
651;-0.1579015165493812;-0.0008144912239053448;0.011810462156563629
652;-0.15914274018487812;0.014821998714493627;0.011306915977670822
653;-0.1541006150584162;0.00284895055950242;0.013271087221341368
654;-0.1621102574504452;0.0076057450757607325;0.010331258850609079
655;-0.15349537944352185;-0.015564424758514729;0.014926558196728612
656;-0.14897031117368628;-0.020221330523029196;0.019923690094808003
657;-0.15220347080701663;-0.004570834089431122;0.01654202748090029
658;-0.14969220631652408;0.00748101658512979;0.019372951793081968
659;-0.15633291553567957;-0.021412715562820032;0.012649557750534128
660;-0.1576217422146856;0.002309167623844351;0.011697223684118118
661;-0.15417246905373938;0.0031443822592871267;0.013336173892481092
662;-0.15548943321645994;-0.010915235795042957;0.012364298342094746
663;-0.15769050219176728;0.02600308177283565;0.012409328845456058
664;-0.15218494444717595;0.0206525163768279;0.0149064109639989
665;-0.15521106895105338;0.0036982208696829245;0.013106731219148194
666;-0.15959393006048084;-0.007978286201132168;0.011146093722386861
667;-0.1518367188948172;0.009808655822905424;0.016549258594067744
668;-0.151224591533343;0.023292862078116157;0.016395434868280535
669;-0.15267110096083747;-0.0054216574411659595;0.014572656082426324
670;-0.15183117508152386;-0.01782881189989254;0.01534937730817883
671;-0.15290868359583396;-0.02991488522758758;0.013560046812542427
672;-0.1549569883832225;0.012453130158542474;0.013646195146404666
673;-0.1538170615316909;-0.00685016308128126;0.01406985704269674
674;-0.15562507533732756;-0.011760566956988811;0.012792580312140929
675;-0.15430137360537494;-0.01888403152236763;0.013865615501999854
676;-0.15323929363562738;0.003043697805680697;0.0162417830089912
677;-0.1549200196692973;0.023385693829360756;0.013216469397791374
678;-0.15813420285413296;-0.008397408534290685;0.010653358290408865
679;-0.1529304634641718;-0.024583084915306874;0.014469040371937516
680;-0.15496416363451215;0.02123442463793725;0.014586734302617886
681;-0.155980965266993;0.010136331471504592;0.013012670546678113
682;-0.15214426043592855;0.006210704639000333;0.01641949006528766
683;-0.15688934139999341;0.00979601144043202;0.011924975777021897
684;-0.15472935756047568;-0.0157275727339934;0.014294430024829911
685;-0.15764252715640598;0.0008797685712012519;0.01194628259603992
686;-0.14935192852108567;-0.00877433365373477;0.01976342262217292
687;-0.15079638709992538;0.005406753876559828;0.01765255621323983
688;-0.15436335422374584;0.004258371716211435;0.013762786495556801
689;-0.15069859191223428;0.0015485421418342422;0.017977183925700777
690;-0.1559013401063872;0.017572160540243832;0.012803988623214357
691;-0.15670860399434597;-0.024666738474790444;0.01274120391426999
692;-0.1571941088673509;-0.010813231001668078;0.01278655106914632
693;-0.15018774076008504;-0.03738960421083992;0.017450474797299616
694;-0.1531467189170696;-0.01738898122470009;0.014645710448607987
695;-0.15205957974180764;-0.022774526902550333;0.015453902870232676
696;-0.1509976933914938;0.0021197378790889666;0.016694818403985765
697;-0.15078448059382263;-0.03268848636681839;0.01669504473146833
698;-0.15025123322451556;-0.02493372674433717;0.017763999302722055
699;-0.15240688580053824;-0.007375519848122133;0.01485221804935991
700;-0.15106963744134078;-0.04032664945699781;0.01639994117166893
701;-0.1575560485727993;-0.015090475977757941;0.011536324480433523
702;-0.15447613099474966;-0.02198682311009134;0.013142492222013297
703;-0.15382539641709975;-0.012770352949275861;0.014196386580573924
704;-0.1515992952349745;-0.01225466556845209;0.01602978397804646
705;-0.1538322815115069;-0.009264691235592091;0.014540985828656473
706;-0.15107605981238095;-0.02029495215383689;0.01651642020975734
707;-0.1501486904900751;-0.006934649224845257;0.0179406315010087
708;-0.1531032880147298;-0.0001351307258803978;0.013821572659100279
709;-0.1542036415618143;-0.016798035737053768;0.013146116371140068
710;-0.15384074289857605;-0.0048455781608343525;0.014612807216651647
711;-0.15597004388585503;0.008461016342227123;0.01255013651639959
712;-0.15558808698330395;0.03457108604550875;0.012314766601739842
713;-0.15536349788860038;0.0156994230948422;0.013580631648684725
714;-0.1511721807644691;0.001040194530369447;0.017018276346778428
715;-0.15169802213156663;0.004131851344891065;0.017076989938907418
716;-0.15320817592703265;-0.027249736003221996;0.014433804892095519
717;-0.15170544939276612;0.009628153052136093;0.016742493076088986
718;-0.15222966972692514;0.03893129712728824;0.014674789726182266
719;-0.15482055680987275;-0.0020162124734072417;0.01512846588122624
720;-0.153531657817923;-0.006631717964599734;0.014331687934880639
721;-0.15307294035399402;-0.011167634004093908;0.015796535952407636
722;-0.15341345216021127;-0.0019483052652791274;0.014424139174322287
723;-0.1526564061788865;0.007912313596880492;0.015200242886756673
724;-0.15445750218850596;0.03729880058234329;0.013451456205896389
725;-0.15745761155346294;0.02060885431538478;0.011980369025726377
726;-0.1561535743136465;0.006678207034175428;0.013883645562110124
727;-0.15612757793915125;0.0017875079970331115;0.012981725805611521
728;-0.15409643399862596;-0.05443827900885177;0.012889149152202371
729;-0.16084075520803898;-0.01428982175499029;0.010143971230696748
730;-0.14896288968898633;-0.020783848005895257;0.02006421346999245
731;-0.1555166525973214;0.017634507057368822;0.013086038978287468
732;-0.15584006834177325;-0.023258520750408664;0.01324075835124578
733;-0.15548613044950696;-0.009246869300054472;0.01197295713847802
734;-0.1623925898030952;-0.04111831985994308;0.00973292731622487
735;-0.1564030029008418;-0.011986113466180675;0.013490694476130568
736;-0.15357411987987565;-0.032149857680092674;0.016010100573393297
737;-0.15587528767409148;-0.0113651008424306;0.012182148937825803
738;-0.15382261524229873;-0.036568268119591255;0.013950696511677019
739;-0.15856834207052067;0.01860204036301891;0.011162144455736801
740;-0.15430507199999727;-0.0022295239970305746;0.014264705022911967
741;-0.15643505089076948;0.002561213507564681;0.011533669868921057
742;-0.16015189916263392;-0.01729472164326176;0.010369357699873271
743;-0.1527518532747104;-0.026924420939996013;0.016961883186466162
744;-0.15486421209794504;-0.028246601644353143;0.013028389254561913
745;-0.15632982270953097;-0.04499429548303863;0.012510534775109938
746;-0.1610469917897825;-0.014383447313779874;0.010557980997326933
747;-0.1532514359553655;-0.017198049811064535;0.01456707944104701
748;-0.15664887170732758;-0.002268422914246373;0.01277002226975229
749;-0.15418724055643435;-0.009070184598967898;0.013089489222124771
750;-0.1509369119891414;-0.013363897724344655;0.016791257678450626
751;-0.15214702860808668;-0.0045594634636362584;0.016773951141002736
752;-0.15761430893415287;-0.016723696950231202;0.01188642714402558
753;-0.15906995320025785;0.005782948283498918;0.01176602813012806
754;-0.15598865311822774;-0.02052773461676236;0.01249190250756564
755;-0.16536474731969245;0.0005740662631244589;0.009675753863735332
756;-0.1519611661228133;0.02164563397969395;0.01502630021561075
757;-0.15467988508718986;-0.0017447200972790955;0.014134081953469617
758;-0.1535476307515745;-0.018242606707150836;0.015019289753687234
759;-0.1537393197821982;-0.026072738127925137;0.014033431398371855
760;-0.15692262827614206;0.021471386252425288;0.012134418357853536
761;-0.15450608985659517;0.01999734218658471;0.012932353201379747
762;-0.1604471653699875;-0.023734357208013535;0.01071926485747099
763;-0.1558304124849814;-0.010338431838955095;0.012618843959529459
764;-0.1516800332437327;-0.008572157407059107;0.01653918834840074
765;-0.15384764000221535;0.011076118781339225;0.015300497045671498
766;-0.15591094459280555;0.011807217036322173;0.013500163961247898
767;-0.1546386064791385;0.01949536072395409;0.01404780595758815
768;-0.15764715214570363;0.012974705374023567;0.011570088012994808
769;-0.15061576417934747;0.012018832648426285;0.018125748271007595
770;-0.15647727969987893;0.015044533209040287;0.012653142180707719
771;-0.15268669839258547;0.033406747692990374;0.01646001852588889
772;-0.15525884402386936;0.010155258378162002;0.01308782221680438
773;-0.15183296543580516;-0.038076631945070716;0.016056468769632005
774;-0.15553815525990947;0.018625093650962637;0.0137008359660337
775;-0.15407846288916505;0.01291891204696533;0.015247171119223406
776;-0.15658058167975625;0.002295896744418079;0.012467928988238175
777;-0.1491152482709767;0.02268931433464685;0.020422478534373237
778;-0.1594043916831782;0.008873125025043628;0.011081214563714133
779;-0.15474975769902452;0.032748884373741696;0.013368585775663824
780;-0.15366499839741507;0.0023657391854022187;0.014783251280953855
781;-0.15635825551586385;0.025589374456573336;0.012375288125541475
782;-0.15328295505341188;0.020895770461216604;0.014533473702124607
783;-0.15460706215581776;0.00024370457896616749;0.014119094434527702
784;-0.1532064750385873;0.005785246474356146;0.015368980207468992
785;-0.15509884376584748;0.03302366390884143;0.013340859636204478
786;-0.15718765180787922;-0.010265801670875029;0.012731547489026447
787;-0.15857048862510256;0.011022063455847846;0.011284720709110484
788;-0.152207996631846;-0.015593075494810668;0.015827837943754815
789;-0.15282071737595546;0.014561243877795749;0.015349351726012466
790;-0.15484780999613396;0.0005528591533067901;0.013256840833727225
791;-0.15859670015028965;0.019526398355137867;0.011065438740691285
792;-0.15866742309964732;0.030567362685213557;0.011555469779780617
793;-0.15110741282686774;-0.003605951552179047;0.017664946534751372
794;-0.1590580380845953;0.0019118244323701984;0.011314690066616477
795;-0.1513409173562203;0.032517517866257055;0.01597631155800672
796;-0.15260914695115738;-0.013928611899246778;0.015281988377280441
797;-0.1565227848144225;0.01884403424056888;0.012469003476938348
798;-0.15707496641594687;0.027324304338208656;0.011930506548119916
799;-0.1600365295454308;-0.01712537350700721;0.010826741125848558
800;-0.1550392938911179;0.004941946815855278;0.01380973804788089
801;-0.1535166418258055;-0.017259771109732546;0.015063152741870763
802;-0.15516943822672338;0.025110471130332664;0.014117407114417465
803;-0.15745577818817563;0.0027351382700007776;0.01207586187593363
804;-0.15365185889932845;0.016020750059562914;0.015147095295474117
805;-0.15429874488600978;-0.020305013960055084;0.013658812854576994
806;-0.1501492718046094;0.0015289624683888785;0.019408831151179324
807;-0.15668031220082884;0.012765024424587875;0.012535571505626043
808;-0.15313007470266318;-0.00037157305489264765;0.014693133217960964
809;-0.15279273797700435;-0.0011431421035412773;0.01488269178909652
810;-0.1563088074951996;0.010843121325640285;0.013228792385830555
811;-0.16127375264962515;0.03467882300249551;0.010395319075496108
812;-0.15880241477930987;0.026739607548542727;0.011582019974328117
813;-0.15401736876110972;0.005267501190972348;0.013646599356958895
814;-0.15391527752817413;0.015874911765905705;0.015058640827091388
815;-0.14954680813683405;0.0026318650912293784;0.019253741299480567
816;-0.15523084895846284;-0.020395755012804228;0.013691839011455023
817;-0.15541960539641203;0.0031512282156859047;0.01310783388208092
818;-0.15655174680698064;-0.0031897757893385;0.01227872498103498
819;-0.1588243868983822;0.005398112244258727;0.011115286095918697
820;-0.15373627498561954;0.009296839557128907;0.014912160049985957
821;-0.1511472390316151;0.036046732399549065;0.016094703286150355
822;-0.1601817125817876;0.02814184220589663;0.01039240714346553
823;-0.15293091673174022;0.004015465825909758;0.014456463636439524
824;-0.16052689093866465;0.014915902875989975;0.01071545793088498
825;-0.15387472567734894;0.012375110760231222;0.0144566861015779
826;-0.15592461636037003;0.006648449084193684;0.013282165380171788
827;-0.15759027357454652;0.02465483889066367;0.011954507473166343
828;-0.1502343002366431;-0.0014976912920893583;0.01837547893187514
829;-0.1501477908867377;-0.0006970184398037586;0.018507117621232697
830;-0.15700655830495153;0.015550497095172443;0.011882521699608108
831;-0.15637486147291865;0.018605157602818015;0.012603538018869764
832;-0.15260885101041677;0.014114500157027376;0.0150353204274987
833;-0.1552185219084775;-0.0010925761829302819;0.013678049004096308
834;-0.15588225037227443;0.00041967864968974925;0.012579727471794611
835;-0.15568112599996872;0.007595795838717971;0.014025677685384397
836;-0.15364223754700318;0.009249014306423092;0.014446577667086213
837;-0.15578972711975192;-0.028268235940629917;0.012945270537870165
838;-0.15514564755522176;-0.0008542340572172112;0.013786884748641355
839;-0.15253948504542128;0.024797933318593465;0.015374682163474736
840;-0.14946991923414632;0.013374695195390678;0.018876598007793045
841;-0.1599346336317651;-0.0016707254605196032;0.011268537972168422
842;-0.1588714101947384;-0.00423025851062347;0.011375558369873482
843;-0.1514694701595071;-0.026975262941856204;0.015530875442480599
844;-0.1536699554140185;0.016705102869834697;0.016430424795842464
845;-0.15557678004105885;0.011083031065792495;0.013398701862696512
846;-0.14906203556943823;0.021386342410854766;0.018897633617858827
847;-0.15191524637334142;-0.015947088152822322;0.015628251279301848
848;-0.15574349912596339;-0.035034622641236815;0.011877149572067055
849;-0.15016263470973498;0.02424768417189311;0.0176150637920256
850;-0.155191157180586;0.012641812869682505;0.013221533045080709
851;-0.15625113530659382;0.007387525456192915;0.012578886788292432
852;-0.1610760815055282;0.017454850001993264;0.010806337605104034
853;-0.1547099131272163;-0.012488793432995509;0.014480987154407265
854;-0.1550198914386608;-0.004017295515097183;0.013720219199212244
855;-0.15517901996035635;0.015011338989813485;0.012560297182220735
856;-0.1570649673614973;0.00973122217693378;0.012353077485329576
857;-0.15507815207228248;0.002007563627580286;0.013231894896354204
858;-0.1545203090891426;0.0001702334008881241;0.015332728861658661
859;-0.15809545361701352;-0.029195115508996367;0.011497588416124568
860;-0.15274077189557347;-0.0118885147533329;0.015609120596430184
861;-0.15648432045807073;-0.001781463449883126;0.012366017059963427
862;-0.15452772618075947;-0.0016827413961742243;0.014187346217165022
863;-0.15308691115291032;-0.009036141307474786;0.015926397237236854
864;-0.158040936662827;-0.020114344934955165;0.011586721893169998
865;-0.1561540189937309;-0.005999852548991581;0.012491489807488742
866;-0.15240947715294215;0.007649058575240175;0.016840753073309674
867;-0.15085189952526565;0.003359537449485647;0.017778628202224218
868;-0.15638629494625844;-0.010412724241241561;0.01187599180933134
869;-0.15799976446746308;0.008167111237531954;0.01185654819563583
870;-0.15230886706599484;0.011463701538883514;0.01581111020144121
871;-0.15493411518173453;0.03332889147792702;0.01327327773756819
872;-0.15579192135069106;0.004886996609812393;0.01280577994193192
873;-0.15153935745910363;0.006753794140477785;0.018121418574893917
874;-0.15171749045819413;-0.0009877880250582008;0.01650644105249717
875;-0.15539117888168053;0.018535503538222666;0.013147663951472
876;-0.15716595863118585;0.021394007847567856;0.012185458905626962
877;-0.15723600486178457;0.021075241771577567;0.011929156641809293
878;-0.15711837866424042;-0.004299076737800808;0.012041424956678608
879;-0.15448990058751755;0.030362648691635838;0.014292483781866821
880;-0.15556990281299307;-0.016235602114080212;0.01287761835542358
881;-0.16096627439981626;0.02662654760938348;0.010487383820668415
882;-0.15580571196697376;0.0238905762058781;0.013658405550192168
883;-0.154219464071003;0.02195910248954825;0.014905399917912336
884;-0.1561406840586368;0.02324409534410801;0.012856391369836566
885;-0.1549371635840263;0.04526569736007792;0.013301599518292481
886;-0.15290447154162842;0.009099278067633686;0.015422860957038256
887;-0.1528874499709518;0.020366693872167586;0.014653679185811385
888;-0.15464575507758577;-0.026598724017087617;0.013685449835050989
889;-0.15717188350212427;-0.020674048181957196;0.012082737856717022
890;-0.16272761402306735;-0.007852088090480663;0.009871374744875932
891;-0.15690374622374406;-0.022627600249816394;0.011738970746044759
892;-0.15730848803196423;-0.026586822476037643;0.011492829369726005
893;-0.1553363561335905;-0.01911648263100317;0.01304559294456317
894;-0.1526660699829643;-0.025289188277154744;0.015500280908596368
895;-0.15542338451485574;0.024356019878524635;0.013593200139333437
896;-0.15842102606355407;-0.02885092228809501;0.011918764295125448
897;-0.1525978782662639;-0.017175140637510248;0.014471139089192873
898;-0.15817365186449922;-0.00010255026109074673;0.011365398970651037
899;-0.15584327408561;-0.014676811863969361;0.012844529449939728
900;-0.15506668706734975;-0.05394456589473038;0.012260334578193264
901;-0.1547913532860485;-0.02028765707037104;0.013223128779618828
902;-0.15452578765374642;-0.026343404700214988;0.013116506196466492
903;-0.15524472964398656;-0.0027166105037931742;0.013124288651678298
904;-0.15205557421401694;-0.011057442550204822;0.016375725488695834
905;-0.15740761491251581;-0.017428618882156487;0.012357659370718916
906;-0.15711840198363786;-0.02150423924291699;0.012217827529450994
907;-0.15293367733190089;-0.016023769875189626;0.015167255992138827
908;-0.15004970429856102;0.01947233508946401;0.019148184408744176
909;-0.1522650486745952;0.012712839197873693;0.016594250933899556
910;-0.15848999431103836;0.0027899753642113977;0.011721293223032982
911;-0.15186871021618079;0.012399557443977643;0.016493486045963235
912;-0.15396757203119774;-0.007953346330118452;0.014299856534710637
913;-0.159231957734367;-0.012333094244312644;0.011639667963954034
914;-0.16141302247842154;-0.015566358505106176;0.010307779399517141
915;-0.15340842796696558;0.003953514544865121;0.014689510558030488
916;-0.15647849993205365;-0.005924871040922791;0.012692988653333835
917;-0.15720088094104956;-0.011583253159281154;0.012232427303161887
918;-0.15463953501648373;0.014930503301097534;0.012797673287582986
919;-0.16083531477569063;0.009211255378214885;0.01030686042053096
920;-0.15575966865928084;-0.0112638720056274;0.013256578525459325
921;-0.1565940476494071;0.019810471214500636;0.012523918734564458
922;-0.1569180683294932;-0.01197688504512135;0.011733615182708075
923;-0.15577326133663272;-0.02364123295684193;0.013924020191217646
924;-0.15279589824470474;-0.0400605007797213;0.01530730245473944
925;-0.15807381203145157;0.0023437453738096125;0.011837398859637756
926;-0.15379361822281354;0.005432093488104812;0.014604560846899763
927;-0.15241866099245754;-0.015640979476840226;0.015455499354887891
928;-0.15474506352418735;0.025263276734032933;0.013347107779096675
929;-0.15748873817331996;0.0005600096419400444;0.011741167521679106
930;-0.15975890965373427;-0.0014423665733157116;0.010586358115628913
931;-0.15599233271163188;0.013975474643667428;0.013448070170426811
932;-0.1595073687367969;-0.0009840027127848985;0.011108608728297699
933;-0.15715968509515127;0.01699616678423842;0.012684441559292652
934;-0.15538689196109773;-0.003977960677496828;0.013549146043757598
935;-0.15357849896689993;-0.023161115007511668;0.014233786036018973
936;-0.16212157681400394;-0.005041871249234163;0.010127237875842385
937;-0.15233741962615355;-0.027601486323792244;0.014600516600925246
938;-0.15705891075693532;0.014184274842598286;0.012213688127604531
939;-0.15776216018347092;-0.01087610543462991;0.011704203880127566
940;-0.15300206145386638;-0.004368681508852284;0.01543086337822455
941;-0.15794743334805525;0.02345777279088946;0.011860494370813723
942;-0.1592056608788761;-0.002752594776417444;0.010985851577586598
943;-0.15404106611822857;-0.004008373375965653;0.013752048618079703
944;-0.15561747676796384;0.0206491139445405;0.01337806612805084
945;-0.15411781127806062;-0.010257495428352595;0.013999398454655835
946;-0.15293745349218815;0.013349389447262914;0.016139531879237404
947;-0.15593318360087313;-0.01597322345373902;0.012329021480716304
948;-0.15798942927225137;-0.02134807419840837;0.011622643917339083
949;-0.15286087382722785;-0.015865344556226728;0.015482236065522388
950;-0.152093428314468;-0.005327020363387599;0.016125537826691145
951;-0.15116803612973956;-0.005366655043419738;0.016582171388982256
952;-0.15757840387615157;-0.012164262096177682;0.012036755926631115
953;-0.15310804204440412;-0.029094373155525384;0.014819345678444262
954;-0.15793088790811138;-0.010278915959768957;0.01192655544222137
955;-0.15839240903471724;-0.017004333040491967;0.01151802850910175
956;-0.1538252639623336;0.0021210597560311277;0.014155702555529129
957;-0.15574017289979958;0.00016749288274886455;0.012954163454289054
958;-0.15224899729092917;-0.01751320126844803;0.014690009022568479
959;-0.151675470199114;-0.008395673322936012;0.01601945508501412
960;-0.15565916798732898;-0.008817538285109122;0.013217934552166197
961;-0.15789850382157314;-0.02257928221526751;0.010896288039231742
962;-0.15282635339248327;-0.013515243105523243;0.014474177887134346
963;-0.15979834110648544;0.0002593514995854733;0.01100475050508976
964;-0.15516444514563055;-0.033572827190955536;0.012472383251160752
965;-0.15804260386361016;-0.019636230007793833;0.011416614822307486
966;-0.15424936265121272;0.01603036527070709;0.013998507964482277
967;-0.1556159722952195;-0.008712254316237143;0.01344507411674217
968;-0.1497256123798865;-0.023321697904395835;0.019158235600701085
969;-0.15672277646300234;-0.017093157199879003;0.012375854090500025
970;-0.14938455936349468;-0.031707328599613116;0.018526452173145466
971;-0.15048302268540417;-0.014175585430871083;0.018761874536673228
972;-0.1588277256709558;-0.008905098010350398;0.011746145189268354
973;-0.15254408826798568;0.004434730201946316;0.01532647750581856
974;-0.1519489832792753;-0.007356634153962928;0.014972105509613032
975;-0.15152827867755184;-0.005836801143354315;0.018463678525093896
976;-0.15745831224653456;0.007441381204634418;0.011565054886411002
977;-0.15377659793989157;0.010203043107573233;0.013723379856458417
978;-0.15761827047224397;-0.016378887495054558;0.011664277298123013
979;-0.15407704687412874;0.005961864269635874;0.014004302327923568
980;-0.15491699756663524;0.030882347774677778;0.012947177909498597
981;-0.14943823879883614;0.010021903735267883;0.01951268662457113
982;-0.15602078075026288;0.015797991508633133;0.012942058378715574
983;-0.15902096253854256;-0.0008173104889427145;0.011356712402660906
984;-0.15167111853022633;-0.005077698891191962;0.016330298973178423
985;-0.15598162943934216;0.022068004776197817;0.012836407686089292
986;-0.1548039479608889;-0.0002348720989054224;0.013762763577662868
987;-0.1536707986872873;-0.0025004404782287756;0.014599626505816424
988;-0.15307615302227162;-0.02491198973169958;0.015150526137907563
989;-0.15479653198777893;0.004094418878303259;0.013769656780785249
990;-0.15307389560305043;0.0040810857732023215;0.01480682415910709
991;-0.15363828714247102;0.006840926472674861;0.014409693655684406
992;-0.16028063942620785;0.007571282530579993;0.010839928054699192
993;-0.16083245325235673;0.02060867932951006;0.010800486545963788
994;-0.15541558626993202;0.01593632378820064;0.013228063653280706
995;-0.15649975892938214;0.010393818419650886;0.012125860344112655
996;-0.15862490517121774;0.01937245155243062;0.011829349782639815
997;-0.15466909836103887;0.009531772190632587;0.013470396254165674
998;-0.1559158249107408;-0.006483769181439937;0.0130783499478374
999;-0.156153620849421;-0.020222016967826127;0.013427195546711668
1000;-0.15121620580737974;0.00036573310608308717;0.015999632018767758
1001;-0.152768484228923;-0.009090210818006502;0.015560242550240622
1002;-0.15533084530889252;-0.027087251317081812;0.01297836033144483
1003;-0.1549673330636672;-0.005303769790521916;0.01472162946736739
1004;-0.15428615460425246;-0.013944815524931714;0.015440641578148912
1005;-0.15533045102048804;-0.02554247513674106;0.012885612027236709
1006;-0.15557061653814197;0.0024161136260357316;0.013474824381647287
1007;-0.15536371493045195;-0.009714207461852592;0.013561283429555687
1008;-0.15816097291163456;-0.005829233628128911;0.012760407599034133
1009;-0.15174941215250226;-0.03419865761967674;0.015641690418124198
1010;-0.15385290214308986;0.002863591312537513;0.014650912801792593
1011;-0.15861112394450624;-0.027798452478468173;0.011284154012431333
1012;-0.1531036068259934;0.00452394081336855;0.015409538226639046
1013;-0.1553804682728685;-0.0002778686035360155;0.013208886548232886
1014;-0.15574798379415347;-0.006469181799019915;0.013238912437249112
1015;-0.15040100085882493;-0.016343946596981244;0.017702824298614337
1016;-0.15598882419091684;-0.023965689472417222;0.012843681307578528
1017;-0.158891166213118;-0.021539437621521766;0.011071303061405082
1018;-0.15729654436494098;-0.009259698783018034;0.01201998853435119
1019;-0.1536753840505341;-0.008701175678281377;0.0139485996492483
1020;-0.15709330112109948;-0.006559353827904061;0.011877429896942628
1021;-0.1607084909780526;-0.020198001918936455;0.01056484944888471
1022;-0.1576732286700496;0.01642015521989109;0.011335971244599348
1023;-0.15366399590615873;0.002504703462351851;0.014791124416630209
1024;-0.1543464027216405;-0.004424621679117316;0.014127219391549812
1025;-0.1558027888963252;-0.0056660399621597645;0.013149109177383376
1026;-0.1502116397280752;-0.019983453907027663;0.017977043688757185
1027;-0.15282268908288743;-0.0069042217411603175;0.015958963693751965
1028;-0.15622292910829003;-0.019056023762307712;0.013398082148697641
1029;-0.15230432915098874;-0.029686893869871306;0.015674197650342076
1030;-0.15381988320085738;0.0012498030140740872;0.014749064407322878
1031;-0.15392956695438903;-0.0012171596371977832;0.013627527782946456
1032;-0.15455260804405918;-0.016256547489319928;0.014240083315950117
1033;-0.15263890926484708;-0.015566182915787112;0.015539604167419452
1034;-0.15136780741774006;-0.0253268216958747;0.016500369261628317
1035;-0.15496573640976424;-0.012646221006281938;0.013325076966925904
1036;-0.15581930621906562;0.0036328944351497524;0.01329677603357
1037;-0.15311166969346413;-0.01791342444586086;0.014466827671377011
1038;-0.16071340020791983;-0.01847053606971095;0.010369576780976336
1039;-0.15958591473691258;-0.009069036545914531;0.011258344321431201
1040;-0.1578172759288623;-0.021845459529800992;0.011966208174456785
1041;-0.15678310847576754;-0.04311508998976349;0.012103809943353689
1042;-0.15016328192051545;-0.028824717830489302;0.01751862399050115
1043;-0.15250499961552796;-0.007391645637558943;0.015471281161370837
1044;-0.15406061474187874;-0.03903370615580054;0.013097657145541392
1045;-0.15612687945365905;-0.0018034480873820153;0.01316151917670612
1046;-0.15392338221455798;-0.021284741381928648;0.013942753695595412
1047;-0.15544843718593504;0.003424743202163814;0.013064225255339235
1048;-0.14927304339261702;-0.03898058909710129;0.01775879362253127
1049;-0.15670647573323898;-0.020155536339314294;0.011966649240089788
1050;-0.15109729012589396;-0.009686595229055135;0.017134315518685328
1051;-0.15460790871102134;-0.005444972194335055;0.01405170743710097
1052;-0.15769353635517167;0.023281115524842327;0.011280071280988646
1053;-0.1579000757726622;-0.02635328300519469;0.012528228283756309
1054;-0.15127258155816867;-0.01964275846513632;0.01669335851744737
1055;-0.15466709972899637;-0.04063244094226882;0.012526961639523507
1056;-0.15424309077086273;-0.014581532932102556;0.01378714219701511
1057;-0.15453623019618754;0.021574133955011215;0.013356392568000305
1058;-0.1568771794916671;-0.012762940491723575;0.012107832992886319
1059;-0.15756456864468846;-0.007217265055836451;0.011550568671506127
1060;-0.15626598251454624;0.012686318510446363;0.012488627993950138
1061;-0.1579726399904416;-0.00375524412783475;0.011783194905721847
1062;-0.14825009616804713;-0.021028535108516343;0.021329629452508173
